Protocollo;Gruppo;DataOraIncidente;Localizzazione1;STRADA1;Localizzazione2;STRADA2;Strada02;Chilometrica;DaSpecificare;NaturaIncidente;particolaritastrade;TipoStrada;FondoStradale;Pavimentazione;Segnaletica;CondizioneAtmosferica;Traffico;Visibilita;Illuminazione;NUM_FERITI;NUM_RISERVATA;NUM_MORTI;NUM_ILLESI;Longitudine;Latitudine;Confermato;Progressivo;TipoVeicolo;StatoVeicolo;TipoPersona;Sesso;Tipolesione;Deceduto;DecedutoDopo;CinturaCascoUtilizzato;Airbag
2991543;3;02/10/2016 13:50;Strada Urbana;VIA LIVORNO;all'intersezione con;VIA GIUSEPPE PITRE';VIA GIUSEPPE PITRE';;;Scontro frontale/laterale DX fra veicoli in marcia;Intersezione stradale segnalata;Una carreggiata a doppio senso;Asciutto;Asfaltata;Assente;Sereno;Normale;Buona;Ore Diurne;0;0;0;2;12,52362;41,91532;-1;1;Autovettura privata;In marcia / fermata / arresto;Conducente;M;Illeso;0;;Non accertato;Esploso
2991543;3;02/10/2016 13:50;Strada Urbana;VIA LIVORNO;all'intersezione con;VIA GIUSEPPE PITRE';VIA GIUSEPPE PITRE';;;Scontro frontale/laterale DX fra veicoli in marcia;Intersezione stradale segnalata;Una carreggiata a doppio senso;Asciutto;Asfaltata;Assente;Sereno;Normale;Buona;Ore Diurne;0;0;0;2;12,52362;41,91532;-1;2;Autovettura privata;In marcia / fermata / arresto;Conducente;F;Illeso;0;;Non accertato;Inesploso
2991550;11;03/10/2016 10:30;Strada Urbana;PIAZZA FEDERICO MARCELLO LANTE;all'intersezione con;VIA GIULIO ARISTIDE SARTORIO;VIA GIULIO ARISTIDE SARTORIO;;;Scontro frontale/laterale DX fra veicoli in marcia;Incrocio;Più di due carreggiate;Asciutto;Asfaltata;Verticale ed orizzontale;Nuvoloso;Normale;Buona;Ore Diurne;0;0;0;3;12,50296;41,85254;-1;1;Autovettura privata;In marcia / fermata / arresto;Conducente;M;Illeso;0;;Non accertato;Inesploso
2991550;11;03/10/2016 10:30;Strada Urbana;PIAZZA FEDERICO MARCELLO LANTE;all'intersezione con;VIA GIULIO ARISTIDE SARTORIO;VIA GIULIO ARISTIDE SARTORIO;;;Scontro frontale/laterale DX fra veicoli in marcia;Incrocio;Più di due carreggiate;Asciutto;Asfaltata;Verticale ed orizzontale;Nuvoloso;Normale;Buona;Ore Diurne;0;0;0;3;12,50296;41,85254;-1;1;Autovettura privata;In marcia / fermata / arresto;Passeggero;F;Illeso;0;;;Inesploso
2991550;11;03/10/2016 10:30;Strada Urbana;PIAZZA FEDERICO MARCELLO LANTE;all'intersezione con;VIA GIULIO ARISTIDE SARTORIO;VIA GIULIO ARISTIDE SARTORIO;;;Scontro frontale/laterale DX fra veicoli in marcia;Incrocio;Più di due carreggiate;Asciutto;Asfaltata;Verticale ed orizzontale;Nuvoloso;Normale;Buona;Ore Diurne;0;0;0;3;12,50296;41,85254;-1;2;Autovettura privata;In marcia / fermata / arresto;Conducente;F;Illeso;0;;;Inesploso
2991553;17;01/10/2016 13:45;Strada Urbana;VIA ANGELO EMO;all'intersezione con;VIA GIUSEPPE DI BARTOLO;VIA GIUSEPPE DI BARTOLO;;;Scontro frontale/laterale DX fra veicoli in marcia;Incrocio;Una carreggiata a doppio senso;Asciutto;Asfaltata;Verticale ed orizzontale;Nuvoloso;Normale;Buona;Ore Diurne;1;0;0;1;12,44818;41,90574;-1;1;Autovettura privata;In marcia / fermata / arresto;Conducente;M;Illeso;0;;Non accertato;Inesploso
2991553;17;01/10/2016 13:45;Strada Urbana;VIA ANGELO EMO;all'intersezione con;VIA GIUSEPPE DI BARTOLO;VIA GIUSEPPE DI BARTOLO;;;Scontro frontale/laterale DX fra veicoli in marcia;Incrocio;Una carreggiata a doppio senso;Asciutto;Asfaltata;Verticale ed orizzontale;Nuvoloso;Normale;Buona;Ore Diurne;1;0;0;1;12,44818;41,90574;-1;2;Motociclo a solo;In marcia / fermata / arresto;Conducente;M;Rimandato;0;NON DECEDUTO;;
2991555;1;02/10/2016 05:45;Strada Urbana;VIA ANTONINIANA;da specificare;;;;in corrispondenza albero n.48;Veicolo in marcia contro ostacolo fisso;Curva a visuale libera;Una carreggiata a senso unico di marcia;Asciutto;Asfaltata;Assente;Nuvoloso;Scarso;Buona;Sufficiente;4;0;0;0;12,4945;41,87792;-1;1;Autovettura privata;In marcia / fermata / arresto;Conducente;F;Rimandato;0;NON DECEDUTO;;
2991555;1;02/10/2016 05:45;Strada Urbana;VIA ANTONINIANA;da specificare;;;;in corrispondenza albero n.48;Veicolo in marcia contro ostacolo fisso;Curva a visuale libera;Una carreggiata a senso unico di marcia;Asciutto;Asfaltata;Assente;Nuvoloso;Scarso;Buona;Sufficiente;4;0;0;0;12,4945;41,87792;-1;1;Autovettura privata;In marcia / fermata / arresto;Passeggero;M;Rimandato;0;NON DECEDUTO;Non accertato;
2991555;1;02/10/2016 05:45;Strada Urbana;VIA ANTONINIANA;da specificare;;;;in corrispondenza albero n.48;Veicolo in marcia contro ostacolo fisso;Curva a visuale libera;Una carreggiata a senso unico di marcia;Asciutto;Asfaltata;Assente;Nuvoloso;Scarso;Buona;Sufficiente;4;0;0;0;12,4945;41,87792;-1;1;Autovettura privata;In marcia / fermata / arresto;Passeggero;M;Ricoverato;0;NON DECEDUTO;Non accertato;Inesistente
2991555;1;02/10/2016 05:45;Strada Urbana;VIA ANTONINIANA;da specificare;;;;in corrispondenza albero n.48;Veicolo in marcia contro ostacolo fisso;Curva a visuale libera;Una carreggiata a senso unico di marcia;Asciutto;Asfaltata;Assente;Nuvoloso;Scarso;Buona;Sufficiente;4;0;0;0;12,4945;41,87792;-1;1;Autovettura privata;In marcia / fermata / arresto;Passeggero;M;Rimandato;0;NON DECEDUTO;Non accertato;Inesistente
2991560;19;01/10/2016 01:15;Strada Urbana;VIA CASSIA;all'intersezione con;VIA FRANCESCO COLETTI;VIA FRANCESCO COLETTI;;;Scontro frontale/laterale DX fra veicoli in marcia;Intersezione semaforizzata;Una carreggiata a senso unico di marcia;Asciutto;Asfaltata;Verticale ed orizzontale;Sereno;Scarso;Sufficiente;Sufficiente;0;0;0;5;12,46362;41,94643;-1;1;Autovettura privata;In marcia / fermata / arresto;Conducente;F;Illeso;0;;;
2991560;19;01/10/2016 01:15;Strada Urbana;VIA CASSIA;all'intersezione con;VIA FRANCESCO COLETTI;VIA FRANCESCO COLETTI;;;Scontro frontale/laterale DX fra veicoli in marcia;Intersezione semaforizzata;Una carreggiata a senso unico di marcia;Asciutto;Asfaltata;Verticale ed orizzontale;Sereno;Scarso;Sufficiente;Sufficiente;0;0;0;5;12,46362;41,94643;-1;1;Autovettura privata;In marcia / fermata / arresto;Passeggero;F;Illeso;0;;;
2991560;19;01/10/2016 01:15;Strada Urbana;VIA CASSIA;all'intersezione con;VIA FRANCESCO COLETTI;VIA FRANCESCO COLETTI;;;Scontro frontale/laterale DX fra veicoli in marcia;Intersezione semaforizzata;Una carreggiata a senso unico di marcia;Asciutto;Asfaltata;Verticale ed orizzontale;Sereno;Scarso;Sufficiente;Sufficiente;0;0;0;5;12,46362;41,94643;-1;2;Quadriciclo leggero;In marcia / fermata / arresto;Conducente;M;Illeso;0;;Non accertato;
2991560;19;01/10/2016 01:15;Strada Urbana;VIA CASSIA;all'intersezione con;VIA FRANCESCO COLETTI;VIA FRANCESCO COLETTI;;;Scontro frontale/laterale DX fra veicoli in marcia;Intersezione semaforizzata;Una carreggiata a senso unico di marcia;Asciutto;Asfaltata;Verticale ed orizzontale;Sereno;Scarso;Sufficiente;Sufficiente;0;0;0;5;12,46362;41,94643;-1;2;Quadriciclo leggero;In marcia / fermata / arresto;Passeggero;M;Illeso;0;;Non accertato;
2991560;19;01/10/2016 01:15;Strada Urbana;VIA CASSIA;all'intersezione con;VIA FRANCESCO COLETTI;VIA FRANCESCO COLETTI;;;Scontro frontale/laterale DX fra veicoli in marcia;Intersezione semaforizzata;Una carreggiata a senso unico di marcia;Asciutto;Asfaltata;Verticale ed orizzontale;Sereno;Scarso;Sufficiente;Sufficiente;0;0;0;5;12,46362;41,94643;-1;3;Motociclo a solo;In marcia / fermata / arresto;Conducente;M;Illeso;0;;;
2991561;1;01/10/2016 17:20;Strada Urbana;VIA DEL TEATRO DI MARCELLO;in corrispondenza;;del civico n.;14;;Infortunio per sola frenata improvvisa;Rettilineo;Una carreggiata a doppio senso;Bagnato (umidità in atto);Asfaltata;Verticale ed orizzontale;Pioggia in atto;Normale;Buona;Ore Diurne;1;0;0;1;12,48144;41,89328;-1;1;Autobus di linea;In marcia / fermata / arresto;Conducente;M;Illeso;0;;;
2991561;1;01/10/2016 17:20;Strada Urbana;VIA DEL TEATRO DI MARCELLO;in corrispondenza;;del civico n.;14;;Infortunio per sola frenata improvvisa;Rettilineo;Una carreggiata a doppio senso;Bagnato (umidità in atto);Asfaltata;Verticale ed orizzontale;Pioggia in atto;Normale;Buona;Ore Diurne;1;0;0;1;12,48144;41,89328;-1;2;Velocipede;In marcia / fermata / arresto;Conducente;F;Rimandato;0;NON DECEDUTO;Esente;
2991580;19;02/10/2016 20:40;Strada Urbana;VIA AURELIA;in prossimità;;della chilometrica;12;;Veicolo in marcia contro ostacolo accidentale;Rettilineo;Due carreggiate;Asciutto;Asfaltata;Verticale ed orizzontale;Sereno;Normale;Buona;Inesistente;0;0;0;3;12,34784;41,88195;-1;1;Autovettura privata;In marcia / fermata / arresto;Conducente;F;Illeso;0;;;
2991580;19;02/10/2016 20:40;Strada Urbana;VIA AURELIA;in prossimità;;della chilometrica;12;;Veicolo in marcia contro ostacolo accidentale;Rettilineo;Due carreggiate;Asciutto;Asfaltata;Verticale ed orizzontale;Sereno;Normale;Buona;Inesistente;0;0;0;3;12,34784;41,88195;-1;1;Autovettura privata;In marcia / fermata / arresto;Passeggero;M;Illeso;0;;;
2991580;19;02/10/2016 20:40;Strada Urbana;VIA AURELIA;in prossimità;;della chilometrica;12;;Veicolo in marcia contro ostacolo accidentale;Rettilineo;Due carreggiate;Asciutto;Asfaltata;Verticale ed orizzontale;Sereno;Normale;Buona;Inesistente;0;0;0;3;12,34784;41,88195;-1;1;Autovettura privata;In marcia / fermata / arresto;Passeggero;M;Illeso;0;;;
2991599;19;03/10/2016 01:30;Strada Urbana;VIA DI BOCCEA;in prossimità;;del civico n.;312;;Scontro frontale/laterale SX fra veicoli in marcia;Rettilineo;Una carreggiata a doppio senso;Asciutto;Asfaltata;Verticale;Sereno;Scarso;Buona;Sufficiente;2;0;0;1;12,41594;41,9036;-1;1;Autovettura privata;In marcia / fermata / arresto;Conducente;F;Illeso;0;;Non accertato;Inesploso
2991599;19;03/10/2016 01:30;Strada Urbana;VIA DI BOCCEA;in prossimità;;del civico n.;312;;Scontro frontale/laterale SX fra veicoli in marcia;Rettilineo;Una carreggiata a doppio senso;Asciutto;Asfaltata;Verticale;Sereno;Scarso;Buona;Sufficiente;2;0;0;1;12,41594;41,9036;-1;2;Autovettura privata;In marcia / fermata / arresto;Conducente;M;Rimandato;0;NON DECEDUTO;;
2991599;19;03/10/2016 01:30;Strada Urbana;VIA DI BOCCEA;in prossimità;;del civico n.;312;;Scontro frontale/laterale SX fra veicoli in marcia;Rettilineo;Una carreggiata a doppio senso;Asciutto;Asfaltata;Verticale;Sereno;Scarso;Buona;Sufficiente;2;0;0;1;12,41594;41,9036;-1;2;Autovettura privata;In marcia / fermata / arresto;Passeggero;F;Rimandato;0;NON DECEDUTO;;
2991605;2;02/10/2016 15:30;Strada Urbana;VIA SALARIA;da specificare;;;;alt. svincolo Prati Fiscali;Scontro laterale fra veicoli in marcia;Rettilineo;Una carreggiata a senso unico di marcia;Asciutto;Asfaltata;Verticale ed orizzontale;Sereno;Normale;Buona;Ore Diurne;0;0;0;3;12,50864;41,94108;-1;1;Autovettura privata;In marcia / fermata / arresto;Conducente;F;Illeso;0;;;
2991605;2;02/10/2016 15:30;Strada Urbana;VIA SALARIA;da specificare;;;;alt. svincolo Prati Fiscali;Scontro laterale fra veicoli in marcia;Rettilineo;Una carreggiata a senso unico di marcia;Asciutto;Asfaltata;Verticale ed orizzontale;Sereno;Normale;Buona;Ore Diurne;0;0;0;3;12,50864;41,94108;-1;2;Autovettura privata;In marcia / fermata / arresto;Conducente;F;Illeso;0;;;
2991605;2;02/10/2016 15:30;Strada Urbana;VIA SALARIA;da specificare;;;;alt. svincolo Prati Fiscali;Scontro laterale fra veicoli in marcia;Rettilineo;Una carreggiata a senso unico di marcia;Asciutto;Asfaltata;Verticale ed orizzontale;Sereno;Normale;Buona;Ore Diurne;0;0;0;3;12,50864;41,94108;-1;2;Autovettura privata;In marcia / fermata / arresto;Passeggero;F;Illeso;0;;;
2991608;6;03/10/2016 11:00;Strada Urbana;VIA PISINO;in prossimità;;del civico n.;74;;Veicolo in marcia contro veicolo in sosta;Rettilineo;Una carreggiata a doppio senso;Asciutto;Asfaltata;Assente;Sereno;Scarso;Buona;Ore Diurne;0;0;0;1;12,55926;41,89806;-1;1;Autovettura privata;In marcia / fermata / arresto;Conducente;M;Illeso;0;;Non accertato;Inesploso
2991609;2;02/10/2016 16:00;Strada Urbana;PIAZZA VERBANO;da specificare;;;;alt. via Nemorense;Scontro frontale/laterale DX fra veicoli in marcia;Rotatoria;Una carreggiata a senso unico di marcia;Bagnato (pioggia);Asfaltata;Verticale ed orizzontale;Nuvoloso;Normale;Buona;Ore Diurne;0;0;0;3;12,50713;41,92368;-1;1;Autovettura privata;In marcia / fermata / arresto;Conducente;M;Illeso;0;;Non accertato;Inesploso
2991609;2;02/10/2016 16:00;Strada Urbana;PIAZZA VERBANO;da specificare;;;;alt. via Nemorense;Scontro frontale/laterale DX fra veicoli in marcia;Rotatoria;Una carreggiata a senso unico di marcia;Bagnato (pioggia);Asfaltata;Verticale ed orizzontale;Nuvoloso;Normale;Buona;Ore Diurne;0;0;0;3;12,50713;41,92368;-1;1;Autovettura privata;In marcia / fermata / arresto;Passeggero;F;Illeso;0;;Non accertato;Inesploso
2991609;2;02/10/2016 16:00;Strada Urbana;PIAZZA VERBANO;da specificare;;;;alt. via Nemorense;Scontro frontale/laterale DX fra veicoli in marcia;Rotatoria;Una carreggiata a senso unico di marcia;Bagnato (pioggia);Asfaltata;Verticale ed orizzontale;Nuvoloso;Normale;Buona;Ore Diurne;0;0;0;3;12,50713;41,92368;-1;2;Autovettura privata;In marcia / fermata / arresto;Conducente;M;Illeso;0;;;
2991614;4;02/10/2016 10:10;Strada Urbana;PIAZZA SEMPIONE;da specificare;;;;fronte chiesa Angeli Custodi;Scontro laterale fra veicoli in marcia;Rettilineo;Una carreggiata a senso unico di marcia;Asciutto;Asfaltata;Verticale ed orizzontale;Nuvoloso;Normale;Buona;Ore Diurne;0;0;0;3;12,53554;41,93571;-1;1;Autovettura privata;In marcia / fermata / arresto;Conducente;M;Illeso;0;;Non accertato;Inesploso
2991614;4;02/10/2016 10:10;Strada Urbana;PIAZZA SEMPIONE;da specificare;;;;fronte chiesa Angeli Custodi;Scontro laterale fra veicoli in marcia;Rettilineo;Una carreggiata a senso unico di marcia;Asciutto;Asfaltata;Verticale ed orizzontale;Nuvoloso;Normale;Buona;Ore Diurne;0;0;0;3;12,53554;41,93571;-1;2;Autovettura privata;In marcia / fermata / arresto;Passeggero;F;Illeso;0;;Non accertato;Inesploso
2991614;4;02/10/2016 10:10;Strada Urbana;PIAZZA SEMPIONE;da specificare;;;;fronte chiesa Angeli Custodi;Scontro laterale fra veicoli in marcia;Rettilineo;Una carreggiata a senso unico di marcia;Asciutto;Asfaltata;Verticale ed orizzontale;Nuvoloso;Normale;Buona;Ore Diurne;0;0;0;3;12,53554;41,93571;-1;2;Autovettura privata;In marcia / fermata / arresto;Conducente;M;Illeso;0;;Non accertato;Inesploso
2991618;2;03/10/2016 05:30;Strada Urbana;VIA SALARIA;all'intersezione semaforizzata con;VIA PANAMA;VIA PANAMA;;;Tamponamento;Incrocio;Una carreggiata a senso unico di marcia;Asciutto;Asfaltata;Verticale ed orizzontale;Nuvoloso;Normale;Buona;Sufficiente;0;0;0;2;12,50219;41,92297;-1;1;Autovettura privata;In marcia / fermata / arresto;Conducente;M;Illeso;0;;;
2991618;2;03/10/2016 05:30;Strada Urbana;VIA SALARIA;all'intersezione semaforizzata con;VIA PANAMA;VIA PANAMA;;;Tamponamento;Incrocio;Una carreggiata a senso unico di marcia;Asciutto;Asfaltata;Verticale ed orizzontale;Nuvoloso;Normale;Buona;Sufficiente;0;0;0;2;12,50219;41,92297;-1;2;Autovettura privata;In marcia / fermata / arresto;Conducente;M;Illeso;0;;;
2991645;1;01/10/2016 20:00;Strada Urbana;VIALE DI TRASTEVERE;in prossimità;;del civico n.;60;;Veicolo in marcia contro ostacolo fisso;Rettilineo;Più di due carreggiate;Asciutto;Asfaltata;Assente;Nuvoloso;Normale;Sufficiente;Sufficiente;0;0;0;1;12,47154;41,88663;-1;1;Autovettura privata;In marcia / fermata / arresto;Conducente;M;Illeso;0;;;
2991660;1;03/10/2016 02:00;Strada Urbana;VIA CILICIA;da specificare;;;;prossimità cavalcavia VIA C.COLOMBO;Infortunio per sola frenata improvvisa;Rettilineo;Due carreggiate;Asciutto;Asfaltata;Orizzontale;Sereno;Scarso;Sufficiente;Sufficiente;1;0;0;0;12,50171;41,87114;-1;1;Motociclo a solo;In marcia / fermata / arresto;Conducente;M;Rifiuta cure immediate;0;NON DECEDUTO;;
2991661;9;03/10/2016 09:55;Strada Urbana;PIAZZA DEI RE DI ROMA;all'intersezione con;VIA APPIA NUOVA;VIA APPIA NUOVA;;;Scontro laterale fra veicoli in marcia;Rotatoria;Una carreggiata a senso unico di marcia;Asciutto;Asfaltata;Orizzontale;Nuvoloso;Normale;Buona;Ore Diurne;0;0;0;3;12,51361;41,88236;-1;1;Autovettura privata;In marcia / fermata / arresto;Conducente;M;Illeso;0;;Non accertato;
2991661;9;03/10/2016 09:55;Strada Urbana;PIAZZA DEI RE DI ROMA;all'intersezione con;VIA APPIA NUOVA;VIA APPIA NUOVA;;;Scontro laterale fra veicoli in marcia;Rotatoria;Una carreggiata a senso unico di marcia;Asciutto;Asfaltata;Orizzontale;Nuvoloso;Normale;Buona;Ore Diurne;0;0;0;3;12,51361;41,88236;-1;2;Autocarro inferiore 35 q.;In marcia / fermata / arresto;Conducente;M;Illeso;0;;Non accertato;
2991661;9;03/10/2016 09:55;Strada Urbana;PIAZZA DEI RE DI ROMA;all'intersezione con;VIA APPIA NUOVA;VIA APPIA NUOVA;;;Scontro laterale fra veicoli in marcia;Rotatoria;Una carreggiata a senso unico di marcia;Asciutto;Asfaltata;Orizzontale;Nuvoloso;Normale;Buona;Ore Diurne;0;0;0;3;12,51361;41,88236;-1;2;Autocarro inferiore 35 q.;In marcia / fermata / arresto;Passeggero;M;Illeso;0;;Non accertato;
2991666;10;03/10/2016 11:25;Strada Urbana;PIAZZA DI CINECITTA';all'intersezione semaforizzata con;CIRCONVALLAZIONE TUSCOLANA;CIRCONVALLAZIONE TUSCOLANA;;;Investimento di pedone;Intersezione semaforizzata;Due carreggiate;Asciutto;Asfaltata;Verticale ed orizzontale;Sereno;Normale;Buona;Ore Diurne;1;0;0;1;12,56944;41,85256;-1;;;;Pedone;F;Rimandato;0;NON DECEDUTO;;
2991666;10;03/10/2016 11:25;Strada Urbana;PIAZZA DI CINECITTA';all'intersezione semaforizzata con;CIRCONVALLAZIONE TUSCOLANA;CIRCONVALLAZIONE TUSCOLANA;;;Investimento di pedone;Intersezione semaforizzata;Due carreggiate;Asciutto;Asfaltata;Verticale ed orizzontale;Sereno;Normale;Buona;Ore Diurne;1;0;0;1;12,56944;41,85256;-1;1;Autovettura privata;In marcia / fermata / arresto;Conducente;M;Illeso;0;;Non accertato;Inesploso
2991672;15;03/10/2016 11:20;Strada Urbana;VIA DELLA PISANA;da specificare;;;;intersezione svincolo GRA corsia esterna;Scontro frontale fra veicoli in marcia;Rettilineo;Una carreggiata a doppio senso;Asciutto;Asfaltata;Orizzontale;Nuvoloso;Normale;Buona;Ore Diurne;2;0;0;0;12,37923;41,85229;-1;1;Autovettura privata;In marcia / fermata / arresto;Conducente;M;Rimandato;0;NON DECEDUTO;Non accertato;Inesploso
2991672;15;03/10/2016 11:20;Strada Urbana;VIA DELLA PISANA;da specificare;;;;intersezione svincolo GRA corsia esterna;Scontro frontale fra veicoli in marcia;Rettilineo;Una carreggiata a doppio senso;Asciutto;Asfaltata;Orizzontale;Nuvoloso;Normale;Buona;Ore Diurne;2;0;0;0;12,37923;41,85229;-1;2;Motociclo a solo;In marcia / fermata / arresto;Conducente;M;Rimandato;0;NON DECEDUTO;Non accertato;
2991676;20;03/10/2016 11:20;Strada Urbana;VIA VALCHETTA CARTONI;da specificare;;;;dir Flaminia ingresso galleria sotto GRA;Scontro frontale fra veicoli in marcia;Curva senza visuale libera;Una carreggiata a doppio senso;Bagnato (umidità in atto);Asfaltata;Verticale ed orizzontale;Sereno;Normale;Buona;Ore Diurne;2;0;0;0;12,49238;41,98468;-1;1;Autovettura privata;In marcia / fermata / arresto;Conducente;M;Rimandato;0;NON DECEDUTO;Non accertato;Inesploso
2991676;20;03/10/2016 11:20;Strada Urbana;VIA VALCHETTA CARTONI;da specificare;;;;dir Flaminia ingresso galleria sotto GRA;Scontro frontale fra veicoli in marcia;Curva senza visuale libera;Una carreggiata a doppio senso;Bagnato (umidità in atto);Asfaltata;Verticale ed orizzontale;Sereno;Normale;Buona;Ore Diurne;2;0;0;0;12,49238;41,98468;-1;2;Autovettura privata;In marcia / fermata / arresto;Conducente;M;Rimandato;0;NON DECEDUTO;;
2991696;17;02/10/2016 04:00;Strada Urbana;PIAZZALE MARESCIALLO GIARDINO;da specificare;;;;in prossimità di via Bucchi;Veicolo in marcia contro ostacolo fisso;Curva a visuale libera;Una carreggiata a senso unico di marcia;Bagnato (pioggia);Asfaltata;Verticale ed orizzontale;Nuvoloso;Scarso;Insufficiente;Sufficiente;1;0;0;0;12,45825;41,92297;-1;1;Quadriciclo leggero;In marcia / fermata / arresto;Conducente;M;Rimandato;0;NON DECEDUTO;;
2991699;1;03/10/2016 07:20;Strada Urbana;VIA LABICANA;in corrispondenza;;del civico n.;15;;Veicolo in marcia contro veicolo arresto;Rettilineo;Una carreggiata a senso unico di marcia;Asciutto;Asfaltata;Verticale ed orizzontale;Sereno;Scarso;Buona;Ore Diurne;0;0;0;2;12,50178;41,889;-1;1;Autovettura privata;In marcia / fermata / arresto;Conducente;M;Illeso;0;;;
2991699;1;03/10/2016 07:20;Strada Urbana;VIA LABICANA;in corrispondenza;;del civico n.;15;;Veicolo in marcia contro veicolo arresto;Rettilineo;Una carreggiata a senso unico di marcia;Asciutto;Asfaltata;Verticale ed orizzontale;Sereno;Scarso;Buona;Ore Diurne;0;0;0;2;12,50178;41,889;-1;2;Autovettura privata;In marcia / fermata / arresto;Conducente;M;Illeso;0;;;
2991714;7;01/10/2016 15:45;Strada Urbana;VIA DEGLI ONTANI;all'intersezione con;VIA DEI PAMPINI;VIA DEI PAMPINI;;;Veicolo in marcia contro veicolo in sosta;Incrocio;Una carreggiata a senso unico di marcia;Asciutto;Asfaltata;Verticale ed orizzontale;Nuvoloso;Normale;Buona;Ore Diurne;0;0;0;1;12,57116;41,87868;-1;1;Autoambulanza;In marcia / fermata / arresto;Conducente;M;Illeso;0;;Non accertato;Inesploso
2991763;17;02/10/2016 16:05;Strada Urbana;VIA CANDIA;all'intersezione con;VIA MOCENIGO;VIA MOCENIGO;;;Scontro laterale fra veicoli in marcia;Incrocio;Una carreggiata a senso unico di marcia;Asciutto;Asfaltata;Verticale ed orizzontale;Sereno;Scarso;Buona;Ore Diurne;0;0;0;1;12,45264;41,90808;-1;1;Autovettura privata;In marcia / fermata / arresto;Conducente;F;Illeso;0;;;
2991785;19;03/10/2016 12:00;Strada Urbana;VIA BERNARDO BARBIELLINI AMIDEI;in corrispondenza;;del civico n.;10;;Investimento di pedone;Rettilineo;Una carreggiata a doppio senso;Asciutto;Asfaltata;Orizzontale;Nuvoloso;Normale;Buona;Ore Diurne;1;0;0;1;12,42605;41,9239;-1;;;;Pedone;F;Rifiuta cure immediate;0;NON DECEDUTO;;
2991785;19;03/10/2016 12:00;Strada Urbana;VIA BERNARDO BARBIELLINI AMIDEI;in corrispondenza;;del civico n.;10;;Investimento di pedone;Rettilineo;Una carreggiata a doppio senso;Asciutto;Asfaltata;Orizzontale;Nuvoloso;Normale;Buona;Ore Diurne;1;0;0;1;12,42605;41,9239;-1;1;Autovettura privata;In marcia / fermata / arresto;Conducente;M;Illeso;0;;Non accertato;Inesploso
2991789;17;02/10/2016 04:45;Strada Urbana;VIALE DELLE MILIZIE;all'intersezione con;VIA BARLETTA;VIA BARLETTA;;;Scontro frontale/laterale SX fra veicoli in marcia;Incrocio;Due carreggiate;Bagnato (pioggia);Asfaltata;Verticale ed orizzontale;Pioggia in atto;Scarso;Sufficiente;Sufficiente;1;0;0;2;12,4581;41,9112;-1;1;Autovettura privata;In marcia / fermata / arresto;Conducente;M;Rimandato;0;NON DECEDUTO;;
2991789;17;02/10/2016 04:45;Strada Urbana;VIALE DELLE MILIZIE;all'intersezione con;VIA BARLETTA;VIA BARLETTA;;;Scontro frontale/laterale SX fra veicoli in marcia;Incrocio;Due carreggiate;Bagnato (pioggia);Asfaltata;Verticale ed orizzontale;Pioggia in atto;Scarso;Sufficiente;Sufficiente;1;0;0;2;12,4581;41,9112;-1;1;Autovettura privata;In marcia / fermata / arresto;Passeggero;F;Illeso;0;;;
2991789;17;02/10/2016 04:45;Strada Urbana;VIALE DELLE MILIZIE;all'intersezione con;VIA BARLETTA;VIA BARLETTA;;;Scontro frontale/laterale SX fra veicoli in marcia;Incrocio;Due carreggiate;Bagnato (pioggia);Asfaltata;Verticale ed orizzontale;Pioggia in atto;Scarso;Sufficiente;Sufficiente;1;0;0;2;12,4581;41,9112;-1;2;Autovettura privata;In marcia / fermata / arresto;Conducente;M;Illeso;0;;;
2991792;4;02/10/2016 16:00;Strada Urbana;VIA FRANCESCO COCCO ORTU;in corrispondenza;;del civico n.;19;;Veicolo in marcia contro veicolo fermo;Rettilineo;Una carreggiata a doppio senso;Asciutto;Asfaltata;Orizzontale;Nuvoloso;Scarso;Buona;Ore Diurne;0;0;0;2;12,52212;41,95893;-1;1;Autovettura privata;In marcia / fermata / arresto;Conducente;F;Illeso;0;;Non accertato;
2991792;4;02/10/2016 16:00;Strada Urbana;VIA FRANCESCO COCCO ORTU;in corrispondenza;;del civico n.;19;;Veicolo in marcia contro veicolo fermo;Rettilineo;Una carreggiata a doppio senso;Asciutto;Asfaltata;Orizzontale;Nuvoloso;Scarso;Buona;Ore Diurne;0;0;0;2;12,52212;41,95893;-1;2;Autovettura privata;In marcia / fermata / arresto;Conducente;F;Illeso;0;;Non accertato;
2991806;2;03/10/2016 10:45;Strada Urbana;VIALE ERITREA;in prossimità;;del civico n.;132;;Scontro laterale fra veicoli in marcia;Rettilineo;Due carreggiate;Asciutto;Asfaltata;Verticale ed orizzontale;Nuvoloso;Normale;Buona;Ore Diurne;0;0;0;2;12,51607;41,92839;-1;1;Autovettura privata;In marcia / fermata / arresto;Conducente;M;Illeso;0;;Non accertato;Inesploso
2991806;2;03/10/2016 10:45;Strada Urbana;VIALE ERITREA;in prossimità;;del civico n.;132;;Scontro laterale fra veicoli in marcia;Rettilineo;Due carreggiate;Asciutto;Asfaltata;Verticale ed orizzontale;Nuvoloso;Normale;Buona;Ore Diurne;0;0;0;2;12,51607;41,92839;-1;2;Autocarro inferiore 35 q.;In marcia / fermata / arresto;Conducente;M;Illeso;0;;Non accertato;Inesploso