Protocollo;Gruppo;DataOraIncidente;Localizzazione1;STRADA1;Localizzazione2;STRADA2;Strada02;Chilometrica;DaSpecificare;NaturaIncidente;particolaritastrade;TipoStrada;FondoStradale;Pavimentazione;Segnaletica;CondizioneAtmosferica;Traffico;Visibilita;Illuminazione;NUM_FERITI;NUM_RISERVATA;NUM_MORTI;NUM_ILLESI;Longitudine;Latitudine;Confermato;Progressivo;TipoVeicolo;StatoVeicolo;TipoPersona;Sesso;Tipolesione;Deceduto;DecedutoDopo;CinturaCascoUtilizzato;Airbag
2995136;7;04/10/2016 18:30;Strada Urbana;VIALE PALMIRO TOGLIATTI;in prossimità;;del civico n.;499;;Scontro laterale fra veicoli in marcia;Rettilineo;Due carreggiate;Asciutto;Asfaltata;Verticale ed orizzontale;Sereno;Normale;Buona;Ore Diurne;0;0;0;3;12,56917;41,87347;-1;2;Autovettura privata;In marcia / fermata / arresto;Conducente;F;Illeso;0;;Non accertato;Inesploso
2995158;1;05/10/2016 00:05;Strada Urbana;VIA GIOVANNI GIOLITTI;all'intersezione con;VIA ACHILLE GRANDI;VIA ACHILLE GRANDI;;;Scontro laterale fra veicoli in marcia;Incrocio;Una carreggiata a senso unico di marcia;Asciutto;Asfaltata;Verticale ed orizzontale;Sereno;Scarso;Sufficiente;Sufficiente;0;0;0;3;12,50703;41,8965;-1;1;Autovettura privata;In marcia / fermata / arresto;Conducente;M;Illeso;0;;Non accertato;Inesploso
2995158;1;05/10/2016 00:05;Strada Urbana;VIA GIOVANNI GIOLITTI;all'intersezione con;VIA ACHILLE GRANDI;VIA ACHILLE GRANDI;;;Scontro laterale fra veicoli in marcia;Incrocio;Una carreggiata a senso unico di marcia;Asciutto;Asfaltata;Verticale ed orizzontale;Sereno;Scarso;Sufficiente;Sufficiente;0;0;0;3;12,50703;41,8965;-1;1;Autovettura privata;In marcia / fermata / arresto;Passeggero;M;Illeso;0;;Non accertato;Inesploso
2995158;1;05/10/2016 00:05;Strada Urbana;VIA GIOVANNI GIOLITTI;all'intersezione con;VIA ACHILLE GRANDI;VIA ACHILLE GRANDI;;;Scontro laterale fra veicoli in marcia;Incrocio;Una carreggiata a senso unico di marcia;Asciutto;Asfaltata;Verticale ed orizzontale;Sereno;Scarso;Sufficiente;Sufficiente;0;0;0;3;12,50703;41,8965;-1;2;Autovettura privata;In marcia / fermata / arresto;Conducente;F;Illeso;0;;Non accertato;Inesploso
2995168;7;05/10/2016 02:30;Provinciale entro l'abitato;VIA COLLATINA;in corrispondenza;;del civico n.;960;;Veicolo in marcia contro ostacolo accidentale;Rettilineo;Una carreggiata a doppio senso;Asciutto;Con buche;Orizzontale;Sereno;Scarso;Insufficiente;Inesistente;0;0;0;1;12,66294;41,92139;-1;1;Autovettura privata;In marcia / fermata / arresto;Conducente;M;Illeso;0;;Non accertato;Inesploso
2995208;4;04/10/2016 13:00;Strada Urbana;VIA DELLE VIGNE NUOVE;all'intersezione con;VIA VILLA DI FAONTE;VIA VILLA DI FAONTE;;;Scontro laterale fra veicoli in marcia;Incrocio;Una carreggiata a doppio senso;Asciutto;Asfaltata;Verticale ed orizzontale;Sereno;Normale;Buona;Ore Diurne;0;0;0;2;12,54028;41,95001;-1;1;Autovettura privata;In marcia / fermata / arresto;Conducente;M;Illeso;0;;Non accertato;Inesploso
2995208;4;04/10/2016 13:00;Strada Urbana;VIA DELLE VIGNE NUOVE;all'intersezione con;VIA VILLA DI FAONTE;VIA VILLA DI FAONTE;;;Scontro laterale fra veicoli in marcia;Incrocio;Una carreggiata a doppio senso;Asciutto;Asfaltata;Verticale ed orizzontale;Sereno;Normale;Buona;Ore Diurne;0;0;0;2;12,54028;41,95001;-1;2;Autovettura privata;In marcia / fermata / arresto;Conducente;F;Illeso;0;;Non accertato;Inesploso
2995222;1;04/10/2016 19:15;Strada Urbana;VIA DI S. GIOVANNI IN LATERANO;all'intersezione con;VIA DEI QUERCETI;VIA DEI QUERCETI;;;Scontro frontale/laterale DX fra veicoli in marcia;Intersezione stradale segnalata;Una carreggiata a senso unico di marcia;Asciutto;In cubetti di porfido;Verticale ed orizzontale;Sereno;Normale;Buona;Sufficiente;0;0;0;2;12,49806;41,88894;-1;1;Autovettura privata;In marcia / fermata / arresto;Conducente;M;Illeso;0;;Non accertato;
2995222;1;04/10/2016 19:15;Strada Urbana;VIA DI S. GIOVANNI IN LATERANO;all'intersezione con;VIA DEI QUERCETI;VIA DEI QUERCETI;;;Scontro frontale/laterale DX fra veicoli in marcia;Intersezione stradale segnalata;Una carreggiata a senso unico di marcia;Asciutto;In cubetti di porfido;Verticale ed orizzontale;Sereno;Normale;Buona;Sufficiente;0;0;0;2;12,49806;41,88894;-1;2;Autovettura privata;In marcia / fermata / arresto;Conducente;F;Illeso;0;;Non accertato;
2995260;7;04/10/2016 22:10;Strada Urbana;VIA TOR DE' SCHIAVI;all'intersezione con;VIA DELLE ROBINIE;VIA DELLE ROBINIE;;;Scontro frontale/laterale DX fra veicoli in marcia;Incrocio;Una carreggiata a doppio senso;Asciutto;Asfaltata;Verticale ed orizzontale;Sereno;Scarso;Sufficiente;Sufficiente;0;0;0;2;12,56322;41,88281;-1;1;Autovettura privata;In marcia / fermata / arresto;Conducente;M;Illeso;0;;Non accertato;Inesploso
2995260;7;04/10/2016 22:10;Strada Urbana;VIA TOR DE' SCHIAVI;all'intersezione con;VIA DELLE ROBINIE;VIA DELLE ROBINIE;;;Scontro frontale/laterale DX fra veicoli in marcia;Incrocio;Una carreggiata a doppio senso;Asciutto;Asfaltata;Verticale ed orizzontale;Sereno;Scarso;Sufficiente;Sufficiente;0;0;0;2;12,56322;41,88281;-1;2;Autovettura privata;In marcia / fermata / arresto;Conducente;M;Illeso;0;;Non accertato;Inesploso
2995270;12;04/10/2016 22:25;Strada Urbana;VIA LAURENTINA;all'intersezione semaforizzata con;VIALE DELL'UMANESIMO;VIALE DELL'UMANESIMO;;;Scontro laterale fra veicoli in marcia;Intersezione semaforizzata;Più di due carreggiate;Asciutto;Asfaltata;Verticale ed orizzontale;Sereno;Scarso;Buona;Sufficiente;0;0;0;2;12,48147;41,8018;-1;1;Autovettura privata;In marcia / fermata / arresto;Conducente;F;Illeso;0;;Utilizzato;Inesploso
2995270;12;04/10/2016 22:25;Strada Urbana;VIA LAURENTINA;all'intersezione semaforizzata con;VIALE DELL'UMANESIMO;VIALE DELL'UMANESIMO;;;Scontro laterale fra veicoli in marcia;Intersezione semaforizzata;Più di due carreggiate;Asciutto;Asfaltata;Verticale ed orizzontale;Sereno;Scarso;Buona;Sufficiente;0;0;0;2;12,48147;41,8018;-1;2;Autovettura privata;In marcia / fermata / arresto;Conducente;M;Illeso;0;;Utilizzato;Inesploso
2995327;1;04/10/2016 14:50;Strada Urbana;VIALE MANZONI;da specificare;;;;fc 61;Scontro laterale fra veicoli in marcia;Rettilineo;Una carreggiata a doppio senso;Asciutto;Asfaltata;Verticale ed orizzontale;Nuvoloso;Normale;Buona;Ore Diurne;1;0;0;1;12,50911;41,89254;-1;1;Autovettura privata;In marcia / fermata / arresto;Conducente;F;Illeso;0;;Non accertato;
2995327;1;04/10/2016 14:50;Strada Urbana;VIALE MANZONI;da specificare;;;;fc 61;Scontro laterale fra veicoli in marcia;Rettilineo;Una carreggiata a doppio senso;Asciutto;Asfaltata;Verticale ed orizzontale;Nuvoloso;Normale;Buona;Ore Diurne;1;0;0;1;12,50911;41,89254;-1;2;Motociclo a solo;In marcia / fermata / arresto;Conducente;F;Rimandato;0;NON DECEDUTO;Non accertato;
2995329;17;05/10/2016 10:30;Strada Urbana;PIAZZA GIOVINE ITALIA;all'intersezione con;VIALE ANGELICO;VIALE ANGELICO;;;Veicolo in marcia contro veicolo fermo;Incrocio;Più di due carreggiate;Asciutto;Asfaltata;Verticale ed orizzontale;Sereno;Normale;Buona;Ore Diurne;0;0;0;2;12,45844;41,91389;-1;1;Autovettura privata;In marcia / fermata / arresto;Conducente;F;Illeso;0;;Non accertato;Inesploso
2995329;17;05/10/2016 10:30;Strada Urbana;PIAZZA GIOVINE ITALIA;all'intersezione con;VIALE ANGELICO;VIALE ANGELICO;;;Veicolo in marcia contro veicolo fermo;Incrocio;Più di due carreggiate;Asciutto;Asfaltata;Verticale ed orizzontale;Sereno;Normale;Buona;Ore Diurne;0;0;0;2;12,45844;41,91389;-1;2;Autovettura privata;In marcia / fermata / arresto;Conducente;M;Illeso;0;;Non accertato;Inesploso
2995345;4;04/10/2016 15:00;Strada Urbana;VIA SALARIA;in corrispondenza;;della chilometrica;19.4;;Tamponamento Multiplo;Rettilineo;Una carreggiata a doppio senso;Asciutto;Asfaltata;Verticale ed orizzontale;Sereno;Intenso;Buona;Ore Diurne;2;0;0;3;12,50624;41,96289;-1;1;Autovettura privata;In marcia / fermata / arresto;Conducente;F;Rimandato;0;NON DECEDUTO;Non accertato;
2995345;4;04/10/2016 15:00;Strada Urbana;VIA SALARIA;in corrispondenza;;della chilometrica;19.4;;Tamponamento Multiplo;Rettilineo;Una carreggiata a doppio senso;Asciutto;Asfaltata;Verticale ed orizzontale;Sereno;Intenso;Buona;Ore Diurne;2;0;0;3;12,50624;41,96289;-1;2;Motociclo a solo;In marcia / fermata / arresto;Conducente;M;Rimandato;0;NON DECEDUTO;;
2995345;4;04/10/2016 15:00;Strada Urbana;VIA SALARIA;in corrispondenza;;della chilometrica;19.4;;Tamponamento Multiplo;Rettilineo;Una carreggiata a doppio senso;Asciutto;Asfaltata;Verticale ed orizzontale;Sereno;Intenso;Buona;Ore Diurne;2;0;0;3;12,50624;41,96289;-1;3;Autovettura privata;In marcia / fermata / arresto;Conducente;M;Illeso;0;;;
2995345;4;04/10/2016 15:00;Strada Urbana;VIA SALARIA;in corrispondenza;;della chilometrica;19.4;;Tamponamento Multiplo;Rettilineo;Una carreggiata a doppio senso;Asciutto;Asfaltata;Verticale ed orizzontale;Sereno;Intenso;Buona;Ore Diurne;2;0;0;3;12,50624;41,96289;-1;4;Autocarro inferiore 35 q.;In marcia / fermata / arresto;Conducente;M;Illeso;0;;Non accertato;Inesploso
2995345;4;04/10/2016 15:00;Strada Urbana;VIA SALARIA;in corrispondenza;;della chilometrica;19.4;;Tamponamento Multiplo;Rettilineo;Una carreggiata a doppio senso;Asciutto;Asfaltata;Verticale ed orizzontale;Sereno;Intenso;Buona;Ore Diurne;2;0;0;3;12,50624;41,96289;-1;4;Autocarro inferiore 35 q.;In marcia / fermata / arresto;Passeggero;F;Illeso;0;;Non accertato;Inesploso
2995357;10;05/10/2016 11:40;Strada Urbana;VIALE MARCO FULVIO NOBILIORE;all'intersezione con;VIA GIUSEPPE SALVIOLI;VIA GIUSEPPE SALVIOLI;;;Scontro frontale/laterale DX fra veicoli in marcia;Incrocio;Una carreggiata a senso unico di marcia;Asciutto;Asfaltata;Verticale ed orizzontale;Sereno;Scarso;Sufficiente;Ore Diurne;0;0;0;3;12,56621;41,86076;-1;1;Motociclo a solo;In marcia / fermata / arresto;Conducente;M;Illeso;0;;Non accertato;
2995357;10;05/10/2016 11:40;Strada Urbana;VIALE MARCO FULVIO NOBILIORE;all'intersezione con;VIA GIUSEPPE SALVIOLI;VIA GIUSEPPE SALVIOLI;;;Scontro frontale/laterale DX fra veicoli in marcia;Incrocio;Una carreggiata a senso unico di marcia;Asciutto;Asfaltata;Verticale ed orizzontale;Sereno;Scarso;Sufficiente;Ore Diurne;0;0;0;3;12,56621;41,86076;-1;2;Autovettura privata;In marcia / fermata / arresto;Conducente;M;Illeso;0;;Non accertato;Inesploso
2995357;10;05/10/2016 11:40;Strada Urbana;VIALE MARCO FULVIO NOBILIORE;all'intersezione con;VIA GIUSEPPE SALVIOLI;VIA GIUSEPPE SALVIOLI;;;Scontro frontale/laterale DX fra veicoli in marcia;Incrocio;Una carreggiata a senso unico di marcia;Asciutto;Asfaltata;Verticale ed orizzontale;Sereno;Scarso;Sufficiente;Ore Diurne;0;0;0;3;12,56621;41,86076;-1;2;Autovettura privata;In marcia / fermata / arresto;Passeggero;F;Illeso;0;;Non accertato;Inesploso
2995361;1;05/10/2016 03:30;Strada Urbana;LUNGOTEVERE DEI PIERLEONI;all'intersezione con;PONTE PALATINO;PONTE PALATINO;;;Veicolo in marcia contro ostacolo fisso;Incrocio;Una carreggiata a senso unico di marcia;Asciutto;Asfaltata;Verticale ed orizzontale;Sereno;Scarso;Buona;Sufficiente;0;0;0;2;12,47955;41,89059;-1;1;Autovettura privata;In marcia / fermata / arresto;Conducente;M;Illeso;0;;;
2995361;1;05/10/2016 03:30;Strada Urbana;LUNGOTEVERE DEI PIERLEONI;all'intersezione con;PONTE PALATINO;PONTE PALATINO;;;Veicolo in marcia contro ostacolo fisso;Incrocio;Una carreggiata a senso unico di marcia;Asciutto;Asfaltata;Verticale ed orizzontale;Sereno;Scarso;Buona;Sufficiente;0;0;0;2;12,47955;41,89059;-1;1;Autovettura privata;In marcia / fermata / arresto;Passeggero;M;Illeso;0;;;
2995389;4;04/10/2016 18:00;Strada Urbana;VIA ELSA DE' GIORGI;in prossimità;;del civico n.;31;;Tamponamento Multiplo;Rettilineo;Due carreggiate;Asciutto;Asfaltata;Verticale ed orizzontale;Sereno;Normale;Buona;Ore Diurne;0;0;0;3;12,53938;41,96652;-1;1;Autovettura privata;In marcia / fermata / arresto;Conducente;M;Illeso;0;;Non accertato;Inesploso
2995389;4;04/10/2016 18:00;Strada Urbana;VIA ELSA DE' GIORGI;in prossimità;;del civico n.;31;;Tamponamento Multiplo;Rettilineo;Due carreggiate;Asciutto;Asfaltata;Verticale ed orizzontale;Sereno;Normale;Buona;Ore Diurne;0;0;0;3;12,53938;41,96652;-1;2;Autovettura privata;In marcia / fermata / arresto;Conducente;M;Illeso;0;;Non accertato;Inesploso
2995389;4;04/10/2016 18:00;Strada Urbana;VIA ELSA DE' GIORGI;in prossimità;;del civico n.;31;;Tamponamento Multiplo;Rettilineo;Due carreggiate;Asciutto;Asfaltata;Verticale ed orizzontale;Sereno;Normale;Buona;Ore Diurne;0;0;0;3;12,53938;41,96652;-1;3;Autovettura privata;In marcia / fermata / arresto;Conducente;M;Illeso;0;;Non accertato;Inesploso
2995404;6;05/10/2016 10:30;Strada Urbana;VIA ALBERTO DA GIUSSANO;in corrispondenza;;del civico n.;52;;Investimento di pedone;Rettilineo;Una carreggiata a doppio senso;Asciutto;Asfaltata;Verticale ed orizzontale;Sereno;Normale;Buona;Ore Diurne;1;0;0;2;12,53452;41,89031;-1;;;;Pedone;M;Rimandato;0;NON DECEDUTO;;
2995404;6;05/10/2016 10:30;Strada Urbana;VIA ALBERTO DA GIUSSANO;in corrispondenza;;del civico n.;52;;Investimento di pedone;Rettilineo;Una carreggiata a doppio senso;Asciutto;Asfaltata;Verticale ed orizzontale;Sereno;Normale;Buona;Ore Diurne;1;0;0;2;12,53452;41,89031;-1;1;Autovettura privata;In marcia / fermata / arresto;Conducente;M;Illeso;0;;;
2995404;6;05/10/2016 10:30;Strada Urbana;VIA ALBERTO DA GIUSSANO;in corrispondenza;;del civico n.;52;;Investimento di pedone;Rettilineo;Una carreggiata a doppio senso;Asciutto;Asfaltata;Verticale ed orizzontale;Sereno;Normale;Buona;Ore Diurne;1;0;0;2;12,53452;41,89031;-1;1;Autovettura privata;In marcia / fermata / arresto;Passeggero;F;Illeso;0;;;
2995445;4;04/10/2016 18:45;Provinciale entro l'abitato;VIA NOMENTANA;da specificare;;;;fronte civico 873;Infortunio per sola frenata improvvisa;Rettilineo;Una carreggiata a doppio senso;Asciutto;Asfaltata;Verticale ed orizzontale;Sereno;Normale;Buona;Ore Diurne;1;0;0;1;12,55238;41,94111;-1;1;Autobus urbano;In marcia / fermata / arresto;Passeggero;F;Rimandato;0;NON DECEDUTO;Esente;Inesistente
2995445;4;04/10/2016 18:45;Provinciale entro l'abitato;VIA NOMENTANA;da specificare;;;;fronte civico 873;Infortunio per sola frenata improvvisa;Rettilineo;Una carreggiata a doppio senso;Asciutto;Asfaltata;Verticale ed orizzontale;Sereno;Normale;Buona;Ore Diurne;1;0;0;1;12,55238;41,94111;-1;1;Autobus urbano;In marcia / fermata / arresto;Conducente;M;Illeso;0;;Esente;Inesploso
2995471;7;05/10/2016 12:15;Strada Urbana;VIA PAPIRIA;in prossimità;;del civico n.;64;;Tamponamento Multiplo;Rettilineo;Una carreggiata a doppio senso;Asciutto;Asfaltata;Orizzontale;Sereno;Normale;Buona;Ore Diurne;0;0;0;3;12,56105;41,86354;-1;1;Autovettura privata;In marcia / fermata / arresto;Conducente;M;Illeso;0;;Non accertato;Inesistente
2995471;7;05/10/2016 12:15;Strada Urbana;VIA PAPIRIA;in prossimità;;del civico n.;64;;Tamponamento Multiplo;Rettilineo;Una carreggiata a doppio senso;Asciutto;Asfaltata;Orizzontale;Sereno;Normale;Buona;Ore Diurne;0;0;0;3;12,56105;41,86354;-1;2;Autovettura privata;In marcia / fermata / arresto;Conducente;M;Illeso;0;;Non accertato;Inesploso
2995471;7;05/10/2016 12:15;Strada Urbana;VIA PAPIRIA;in prossimità;;del civico n.;64;;Tamponamento Multiplo;Rettilineo;Una carreggiata a doppio senso;Asciutto;Asfaltata;Orizzontale;Sereno;Normale;Buona;Ore Diurne;0;0;0;3;12,56105;41,86354;-1;3;Autovettura privata;In marcia / fermata / arresto;Conducente;M;Illeso;0;;;
2995474;12;04/10/2016 21:20;Strada Urbana;PIAZZA GIOVANNI AGNELLI;da specificare;;;;altezza viale dell'architettura;Scontro laterale fra veicoli in marcia;Rettilineo;Una carreggiata a senso unico di marcia;Asciutto;Asfaltata;Verticale ed orizzontale;Sereno;Scarso;Buona;Sufficiente;2;0;0;2;12,47782;41,83134;-1;1;Autovettura di polizia;In marcia / fermata / arresto;Conducente;M;Rimandato;0;NON DECEDUTO;Utilizzato;Inesploso
2995474;12;04/10/2016 21:20;Strada Urbana;PIAZZA GIOVANNI AGNELLI;da specificare;;;;altezza viale dell'architettura;Scontro laterale fra veicoli in marcia;Rettilineo;Una carreggiata a senso unico di marcia;Asciutto;Asfaltata;Verticale ed orizzontale;Sereno;Scarso;Buona;Sufficiente;2;0;0;2;12,47782;41,83134;-1;1;Autovettura di polizia;In marcia / fermata / arresto;Passeggero;M;Rimandato;0;NON DECEDUTO;Utilizzato;Inesploso
2995474;12;04/10/2016 21:20;Strada Urbana;PIAZZA GIOVANNI AGNELLI;da specificare;;;;altezza viale dell'architettura;Scontro laterale fra veicoli in marcia;Rettilineo;Una carreggiata a senso unico di marcia;Asciutto;Asfaltata;Verticale ed orizzontale;Sereno;Scarso;Buona;Sufficiente;2;0;0;2;12,47782;41,83134;-1;2;Motociclo a solo;In marcia / fermata / arresto;Conducente;M;Illeso;0;;;
2995474;12;04/10/2016 21:20;Strada Urbana;PIAZZA GIOVANNI AGNELLI;da specificare;;;;altezza viale dell'architettura;Scontro laterale fra veicoli in marcia;Rettilineo;Una carreggiata a senso unico di marcia;Asciutto;Asfaltata;Verticale ed orizzontale;Sereno;Scarso;Buona;Sufficiente;2;0;0;2;12,47782;41,83134;-1;2;Motociclo a solo;In marcia / fermata / arresto;Passeggero;F;Illeso;0;;;
2995479;20;05/10/2016 12:10;Strada Urbana;VIA DEL PODISMO;in prossimità;;del civico n.;12;;Scontro laterale fra veicoli in marcia;Curva a visuale libera;Una carreggiata a senso unico di marcia;Asciutto;Asfaltata;Assente;Sereno;Intenso;Buona;Ore Diurne;0;0;0;2;12,46359;41,94645;-1;1;Autovettura privata;In marcia / fermata / arresto;Conducente;F;Illeso;0;;Non accertato;Inesploso
2995479;20;05/10/2016 12:10;Strada Urbana;VIA DEL PODISMO;in prossimità;;del civico n.;12;;Scontro laterale fra veicoli in marcia;Curva a visuale libera;Una carreggiata a senso unico di marcia;Asciutto;Asfaltata;Assente;Sereno;Intenso;Buona;Ore Diurne;0;0;0;2;12,46359;41,94645;-1;2;Autovettura privata;In marcia / fermata / arresto;Conducente;F;Illeso;0;;Non accertato;Inesploso
2995517;12;02/10/2016 00:31;Regionale;VIA PONTINA;in prossimità;;della chilometrica;18;;Tamponamento;Curva senza visuale libera;Due carreggiate;Bagnato (pioggia);Asfaltata;Orizzontale;Pioggia in atto;Scarso;Insufficiente;Inesistente;0;0;0;3;12,43465;41,75461;-1;1;Autovettura privata;In marcia / fermata / arresto;Conducente;M;Illeso;0;;;
2995517;12;02/10/2016 00:31;Regionale;VIA PONTINA;in prossimità;;della chilometrica;18;;Tamponamento;Curva senza visuale libera;Due carreggiate;Bagnato (pioggia);Asfaltata;Orizzontale;Pioggia in atto;Scarso;Insufficiente;Inesistente;0;0;0;3;12,43465;41,75461;-1;2;Autovettura privata;In marcia / fermata / arresto;Conducente;F;Illeso;0;;;
2995517;12;02/10/2016 00:31;Regionale;VIA PONTINA;in prossimità;;della chilometrica;18;;Tamponamento;Curva senza visuale libera;Due carreggiate;Bagnato (pioggia);Asfaltata;Orizzontale;Pioggia in atto;Scarso;Insufficiente;Inesistente;0;0;0;3;12,43465;41,75461;-1;2;Autovettura privata;In marcia / fermata / arresto;Passeggero;F;Illeso;0;;;
2995534;6;05/10/2016 12:05;Provinciale entro l'abitato;VIA PRENESTINA;all'intersezione semaforizzata con;VIA COLLATINA;VIA COLLATINA;;;Scontro frontale/laterale DX fra veicoli in marcia;Intersezione semaforizzata;Più di due carreggiate;Asciutto;Asfaltata;Verticale ed orizzontale;Sereno;Normale;Buona;Ore Diurne;0;0;0;4;12,56325;41,89501;-1;1;Autovettura privata;In marcia / fermata / arresto;Conducente;M;Illeso;0;;Non accertato;Inesploso
2995534;6;05/10/2016 12:05;Provinciale entro l'abitato;VIA PRENESTINA;all'intersezione semaforizzata con;VIA COLLATINA;VIA COLLATINA;;;Scontro frontale/laterale DX fra veicoli in marcia;Intersezione semaforizzata;Più di due carreggiate;Asciutto;Asfaltata;Verticale ed orizzontale;Sereno;Normale;Buona;Ore Diurne;0;0;0;4;12,56325;41,89501;-1;1;Autovettura privata;In marcia / fermata / arresto;Passeggero;F;Illeso;0;;Non accertato;Inesploso
2995534;6;05/10/2016 12:05;Provinciale entro l'abitato;VIA PRENESTINA;all'intersezione semaforizzata con;VIA COLLATINA;VIA COLLATINA;;;Scontro frontale/laterale DX fra veicoli in marcia;Intersezione semaforizzata;Più di due carreggiate;Asciutto;Asfaltata;Verticale ed orizzontale;Sereno;Normale;Buona;Ore Diurne;0;0;0;4;12,56325;41,89501;-1;2;Autovettura di polizia;In marcia / fermata / arresto;Conducente;M;Illeso;0;;Non accertato;Inesploso
2995534;6;05/10/2016 12:05;Provinciale entro l'abitato;VIA PRENESTINA;all'intersezione semaforizzata con;VIA COLLATINA;VIA COLLATINA;;;Scontro frontale/laterale DX fra veicoli in marcia;Intersezione semaforizzata;Più di due carreggiate;Asciutto;Asfaltata;Verticale ed orizzontale;Sereno;Normale;Buona;Ore Diurne;0;0;0;4;12,56325;41,89501;-1;2;Autovettura di polizia;In marcia / fermata / arresto;Passeggero;M;Illeso;0;;Non accertato;Inesploso
2995556;3;04/10/2016 11:15;Strada Urbana;PIAZZALE DEL VERANO;all'intersezione con;VIA TIBURTINA;VIA TIBURTINA;;;Tamponamento;Intersezione semaforizzata;Più di due carreggiate;Asciutto;Asfaltata;Verticale ed orizzontale;Sereno;Normale;Buona;Ore Diurne;0;0;0;2;12,51863;41,90118;-1;1;Autovettura privata;In marcia / fermata / arresto;Conducente;M;Illeso;0;;Non accertato;Inesploso
2995556;3;04/10/2016 11:15;Strada Urbana;PIAZZALE DEL VERANO;all'intersezione con;VIA TIBURTINA;VIA TIBURTINA;;;Tamponamento;Intersezione semaforizzata;Più di due carreggiate;Asciutto;Asfaltata;Verticale ed orizzontale;Sereno;Normale;Buona;Ore Diurne;0;0;0;2;12,51863;41,90118;-1;2;Autovettura privata;In marcia / fermata / arresto;Conducente;M;Illeso;0;;Non accertato;Inesploso
2995570;3;04/10/2016 10:15;Strada Urbana;VIA DEI VOLSCI;in corrispondenza;;del civico n.;116;;Tamponamento;Rettilineo;Una carreggiata a senso unico di marcia;Asciutto;Asfaltata;Verticale ed orizzontale;Sereno;Normale;Buona;Ore Diurne;0;0;0;2;12,51743;41,89901;-1;1;Autovettura privata;In marcia / fermata / arresto;Conducente;M;Illeso;0;;;
2995570;3;04/10/2016 10:15;Strada Urbana;VIA DEI VOLSCI;in corrispondenza;;del civico n.;116;;Tamponamento;Rettilineo;Una carreggiata a senso unico di marcia;Asciutto;Asfaltata;Verticale ed orizzontale;Sereno;Normale;Buona;Ore Diurne;0;0;0;2;12,51743;41,89901;-1;2;Motociclo a solo;In marcia / fermata / arresto;Conducente;M;Illeso;0;;;
2995612;3;04/10/2016 16:45;Comunale extraurbana;VIA LIVORNO;da specificare;;;;altezza civico 53;Investimento di pedone;Pianeggiante;Una carreggiata a doppio senso;Asciutto;Acciotolata;Orizzontale;Sereno;Normale;Buona;Ore Diurne;1;0;0;1;12,52424;41,91566;-1;;;;Pedone;F;Rifiuta cure immediate;0;NON DECEDUTO;;
2995612;3;04/10/2016 16:45;Comunale extraurbana;VIA LIVORNO;da specificare;;;;altezza civico 53;Investimento di pedone;Pianeggiante;Una carreggiata a doppio senso;Asciutto;Acciotolata;Orizzontale;Sereno;Normale;Buona;Ore Diurne;1;0;0;1;12,52424;41,91566;-1;1;Motociclo a solo;In marcia / fermata / arresto;Conducente;M;Illeso;0;;Non accertato;
2995650;9;05/10/2016 13:20;Strada Urbana;VIA TUSCOLANA;in prossimità;;del civico n.;334;;Investimento di pedone;Rettilineo;Una carreggiata a doppio senso;Asciutto;Asfaltata;Verticale ed orizzontale;Sereno;Normale;Buona;Ore Diurne;2;0;0;0;12,52738;41,87547;-1;;;;Pedone;F;Rimandato;0;NON DECEDUTO;;
2995650;9;05/10/2016 13:20;Strada Urbana;VIA TUSCOLANA;in prossimità;;del civico n.;334;;Investimento di pedone;Rettilineo;Una carreggiata a doppio senso;Asciutto;Asfaltata;Verticale ed orizzontale;Sereno;Normale;Buona;Ore Diurne;2;0;0;0;12,52738;41,87547;-1;1;Motociclo a solo;In marcia / fermata / arresto;Conducente;F;Rimandato;0;NON DECEDUTO;Utilizzato;
2995694;12;02/10/2016 00:32;Regionale;VIA PONTINA;in prossimità;;della chilometrica;18;;Tamponamento;Curva senza visuale libera;Due carreggiate;Bagnato (pioggia);Asfaltata;Orizzontale;Pioggia in atto;Scarso;Insufficiente;Inesistente;0;0;0;1;12,43463;41,75456;-1;1;Autovettura privata;In marcia / fermata / arresto;Conducente;M;Illeso;0;;;
2995759;19;05/10/2016 08:15;Strada Urbana;VIA CESARE LOMBROSO;in prossimità;;del civico n.;120;;Veicolo in marcia contro veicolo in sosta;Rettilineo;Una carreggiata a doppio senso;Asciutto;Asfaltata;Assente;Sereno;Scarso;Buona;Ore Diurne;1;0;0;0;12,41437;41,93312;-1;1;Ciclomotore;In marcia / fermata / arresto;Conducente;M;Ricoverato;0;NON DECEDUTO;Non accertato;
2995768;1;05/10/2016 07:05;Strada Urbana;LUNGOTEVERE AVENTINO;all'intersezione semaforizzata con;VIA DI S. MARIA IN COSMEDIN;VIA DI S. MARIA IN COSMEDIN;;;Scontro laterale fra veicoli in marcia;Intersezione semaforizzata;Una carreggiata a senso unico di marcia;Asciutto;Asfaltata;Assente;Sereno;Normale;Buona;Ore Diurne;1;0;0;1;12,47894;41,88549;-1;1;Autovettura privata;In marcia / fermata / arresto;Conducente;M;Illeso;0;;Non accertato;