Protocollo;Gruppo;DataOraIncidente;Localizzazione1;STRADA1;Localizzazione2;STRADA2;Strada02;Chilometrica;DaSpecificare;NaturaIncidente;particolaritastrade;TipoStrada;FondoStradale;Pavimentazione;Segnaletica;CondizioneAtmosferica;Traffico;Visibilita;Illuminazione;NUM_FERITI;NUM_RISERVATA;NUM_MORTI;NUM_ILLESI;Longitudine;Latitudine;Confermato;Progressivo;TipoVeicolo;StatoVeicolo;TipoPersona;Sesso;Tipolesione;Deceduto;DecedutoDopo;CinturaCascoUtilizzato;Airbag
2996925;20;05/10/2016 10:00;Strada Urbana;VIA CAMPOSAMPIERO;da specificare;;;;in prossimità di Via Flaminia ;Tamponamento Multiplo;Rettilineo;Una carreggiata a doppio senso;Asciutto;Asfaltata;Verticale ed orizzontale;Sereno;Normale;Buona;Ore Diurne;0;0;0;3;12,49309;41,94932;-1;3;Autovettura privata;In marcia / fermata / arresto;Conducente;F;Illeso;0;;;
2996966;4;05/10/2016 21:40;Strada Urbana;VIALE GOTTARDO;da specificare;;;;in corrispondenza di VIA MONTE SACRO;Scontro laterale fra veicoli in marcia;Rettilineo;Una carreggiata a senso unico di marcia;Asciutto;Asfaltata;Verticale ed orizzontale;Nuvoloso;Scarso;Sufficiente;Sufficiente;1;0;0;2;12,5355;41,93166;-1;1;Autovettura privata;In marcia / fermata / arresto;Conducente;M;Illeso;0;;Non accertato;
2996966;4;05/10/2016 21:40;Strada Urbana;VIALE GOTTARDO;da specificare;;;;in corrispondenza di VIA MONTE SACRO;Scontro laterale fra veicoli in marcia;Rettilineo;Una carreggiata a senso unico di marcia;Asciutto;Asfaltata;Verticale ed orizzontale;Nuvoloso;Scarso;Sufficiente;Sufficiente;1;0;0;2;12,5355;41,93166;-1;1;Autovettura privata;In marcia / fermata / arresto;Passeggero;M;Rimandato;0;NON DECEDUTO;Non accertato;
2996966;4;05/10/2016 21:40;Strada Urbana;VIALE GOTTARDO;da specificare;;;;in corrispondenza di VIA MONTE SACRO;Scontro laterale fra veicoli in marcia;Rettilineo;Una carreggiata a senso unico di marcia;Asciutto;Asfaltata;Verticale ed orizzontale;Nuvoloso;Scarso;Sufficiente;Sufficiente;1;0;0;2;12,5355;41,93166;-1;2;Autobus di linea;In marcia / fermata / arresto;Conducente;M;Illeso;0;;Non accertato;
2997017;20;05/10/2016 18:00;Strada Urbana;VIA DEL FORO ITALICO;da specificare;;;;direzione Salaria;Scontro laterale fra veicoli in marcia;Rettilineo;Due carreggiate;Bagnato (pioggia);Asfaltata;Orizzontale;Pioggia in atto;Intenso;Sufficiente;Sufficiente;0;0;0;4;12,48375;41,93991;-1;1;Autovettura privata;In marcia / fermata / arresto;Conducente;M;Illeso;0;;;
2997017;20;05/10/2016 18:00;Strada Urbana;VIA DEL FORO ITALICO;da specificare;;;;direzione Salaria;Scontro laterale fra veicoli in marcia;Rettilineo;Due carreggiate;Bagnato (pioggia);Asfaltata;Orizzontale;Pioggia in atto;Intenso;Sufficiente;Sufficiente;0;0;0;4;12,48375;41,93991;-1;1;Autovettura privata;In marcia / fermata / arresto;Passeggero;M;Illeso;0;;;
2997017;20;05/10/2016 18:00;Strada Urbana;VIA DEL FORO ITALICO;da specificare;;;;direzione Salaria;Scontro laterale fra veicoli in marcia;Rettilineo;Due carreggiate;Bagnato (pioggia);Asfaltata;Orizzontale;Pioggia in atto;Intenso;Sufficiente;Sufficiente;0;0;0;4;12,48375;41,93991;-1;1;Autovettura privata;In marcia / fermata / arresto;Passeggero;F;Illeso;0;;;
2997017;20;05/10/2016 18:00;Strada Urbana;VIA DEL FORO ITALICO;da specificare;;;;direzione Salaria;Scontro laterale fra veicoli in marcia;Rettilineo;Due carreggiate;Bagnato (pioggia);Asfaltata;Orizzontale;Pioggia in atto;Intenso;Sufficiente;Sufficiente;0;0;0;4;12,48375;41,93991;-1;2;Autovettura privata;In marcia / fermata / arresto;Conducente;M;Illeso;0;;;
2997045;9;06/10/2016 09:00;Strada Urbana;VIA FAENZA;all'intersezione semaforizzata con;VIA TARANTO;VIA TARANTO;;;Tamponamento;Intersezione semaforizzata;Una carreggiata a senso unico di marcia;Asciutto;Asfaltata;Verticale ed orizzontale;Nuvoloso;Normale;Buona;Ore Diurne;0;0;0;2;12,51121;41,88511;-1;1;Autovettura privata;In marcia / fermata / arresto;Conducente;M;Illeso;0;;Utilizzato;Inesploso
2997045;9;06/10/2016 09:00;Strada Urbana;VIA FAENZA;all'intersezione semaforizzata con;VIA TARANTO;VIA TARANTO;;;Tamponamento;Intersezione semaforizzata;Una carreggiata a senso unico di marcia;Asciutto;Asfaltata;Verticale ed orizzontale;Nuvoloso;Normale;Buona;Ore Diurne;0;0;0;2;12,51121;41,88511;-1;2;Autocarro inferiore 35 q.;Allontanatosi;Conducente;M;Illeso;0;;Utilizzato;Inesploso
2997046;20;06/10/2016 09:55;Regionale entro l'abitato;VIA CASSIA;in corrispondenza;;del civico n.;999;;Scontro frontale/laterale DX fra veicoli in marcia;Rettilineo;Una carreggiata a doppio senso;Asciutto;Asfaltata;Verticale ed orizzontale;Nuvoloso;Normale;Buona;Ore Diurne;0;0;0;2;12,42951;41,9732;-1;1;Autovettura privata;In marcia / fermata / arresto;Conducente;F;Illeso;0;;Non accertato;Inesploso
2997046;20;06/10/2016 09:55;Regionale entro l'abitato;VIA CASSIA;in corrispondenza;;del civico n.;999;;Scontro frontale/laterale DX fra veicoli in marcia;Rettilineo;Una carreggiata a doppio senso;Asciutto;Asfaltata;Verticale ed orizzontale;Nuvoloso;Normale;Buona;Ore Diurne;0;0;0;2;12,42951;41,9732;-1;2;Motociclo a solo;In marcia / fermata / arresto;Conducente;M;Illeso;0;;Non accertato;
2997050;7;05/10/2016 17:50;Strada Urbana;PIAZZA DELLE CONIFERE;in prossimità;;del civico n.;3;;Scontro frontale/laterale SX fra veicoli in marcia;Rettilineo;Una carreggiata a senso unico di marcia;Bagnato (pioggia);Asfaltata;Orizzontale;Nuvoloso;Scarso;Buona;Ore Diurne;0;0;0;2;12,56798;41,88236;-1;1;Autovettura privata;In marcia / fermata / arresto;Conducente;M;Illeso;0;;Non accertato;Inesistente
2997050;7;05/10/2016 17:50;Strada Urbana;PIAZZA DELLE CONIFERE;in prossimità;;del civico n.;3;;Scontro frontale/laterale SX fra veicoli in marcia;Rettilineo;Una carreggiata a senso unico di marcia;Bagnato (pioggia);Asfaltata;Orizzontale;Nuvoloso;Scarso;Buona;Ore Diurne;0;0;0;2;12,56798;41,88236;-1;2;Autovettura privata;In marcia / fermata / arresto;Conducente;F;Illeso;0;;Non accertato;Inesploso
2997051;7;06/10/2016 09:26;Strada Urbana;VIA DEI CASTANI;all'intersezione con;VIA DEI FAGGI;VIA DEI FAGGI;;;Scontro frontale/laterale DX fra veicoli in marcia;Incrocio;Una carreggiata a doppio senso;Asciutto;Asfaltata;Verticale ed orizzontale;Nuvoloso;Normale;Buona;Ore Diurne;1;0;0;1;12,56685;41,8841;-1;1;Autovettura privata;In marcia / fermata / arresto;Conducente;F;Illeso;0;;Non accertato;Inesploso
2997051;7;06/10/2016 09:26;Strada Urbana;VIA DEI CASTANI;all'intersezione con;VIA DEI FAGGI;VIA DEI FAGGI;;;Scontro frontale/laterale DX fra veicoli in marcia;Incrocio;Una carreggiata a doppio senso;Asciutto;Asfaltata;Verticale ed orizzontale;Nuvoloso;Normale;Buona;Ore Diurne;1;0;0;1;12,56685;41,8841;-1;2;Motociclo a solo;In marcia / fermata / arresto;Conducente;F;Rimandato;0;NON DECEDUTO;Non accertato;
2997098;12;05/10/2016 11:20;Comunale extraurbana;VIA DI PRATICA;all'intersezione con;VIA PONTINA;VIA PONTINA;;;Scontro laterale fra veicoli in marcia;Incrocio;Una carreggiata a senso unico di marcia;Asciutto;Asfaltata;Verticale ed orizzontale;Sereno;Normale;Buona;Ore Diurne;0;0;0;2;12,42984;41,70378;-1;1;Autovettura privata;In marcia / fermata / arresto;Conducente;M;Illeso;0;;Utilizzato;Inesploso
2997098;12;05/10/2016 11:20;Comunale extraurbana;VIA DI PRATICA;all'intersezione con;VIA PONTINA;VIA PONTINA;;;Scontro laterale fra veicoli in marcia;Incrocio;Una carreggiata a senso unico di marcia;Asciutto;Asfaltata;Verticale ed orizzontale;Sereno;Normale;Buona;Ore Diurne;0;0;0;2;12,42984;41,70378;-1;2;Autovettura privata;In marcia / fermata / arresto;Conducente;M;Illeso;0;;Utilizzato;Inesploso
2997100;16;05/10/2016 12:55;Strada Urbana;VIA ORESTE REGNOLI;all'intersezione con;VIA GIUSEPPE DEZZA;VIA GIUSEPPE DEZZA;;;Scontro laterale fra veicoli in marcia;Incrocio;Una carreggiata a senso unico di marcia;Asciutto;Asfaltata;Verticale ed orizzontale;Sereno;Normale;Buona;Ore Diurne;0;0;0;2;12,45973;41,88396;-1;1;Autovettura privata;In marcia / fermata / arresto;Conducente;M;Illeso;0;;Non accertato;Inesploso
2997100;16;05/10/2016 12:55;Strada Urbana;VIA ORESTE REGNOLI;all'intersezione con;VIA GIUSEPPE DEZZA;VIA GIUSEPPE DEZZA;;;Scontro laterale fra veicoli in marcia;Incrocio;Una carreggiata a senso unico di marcia;Asciutto;Asfaltata;Verticale ed orizzontale;Sereno;Normale;Buona;Ore Diurne;0;0;0;2;12,45973;41,88396;-1;2;Motociclo a solo;In marcia / fermata / arresto;Conducente;M;Illeso;0;;Non accertato;
2997114;1;05/10/2016 15:50;Strada Urbana;LUNGOTEVERE DELLA FARNESINA;in prossimità;;del civico n.;5;;Scontro laterale fra veicoli in marcia;Rettilineo;Una carreggiata a senso unico di marcia;Asciutto;Asfaltata;Verticale ed orizzontale;Nuvoloso;Intenso;Buona;Ore Diurne;0;0;0;3;12,46908;41,89281;-1;1;Autovettura privata;In marcia / fermata / arresto;Conducente;M;Illeso;0;;;
2997114;1;05/10/2016 15:50;Strada Urbana;LUNGOTEVERE DELLA FARNESINA;in prossimità;;del civico n.;5;;Scontro laterale fra veicoli in marcia;Rettilineo;Una carreggiata a senso unico di marcia;Asciutto;Asfaltata;Verticale ed orizzontale;Nuvoloso;Intenso;Buona;Ore Diurne;0;0;0;3;12,46908;41,89281;-1;1;Autovettura privata;In marcia / fermata / arresto;Passeggero;F;Illeso;0;;;
2997114;1;05/10/2016 15:50;Strada Urbana;LUNGOTEVERE DELLA FARNESINA;in prossimità;;del civico n.;5;;Scontro laterale fra veicoli in marcia;Rettilineo;Una carreggiata a senso unico di marcia;Asciutto;Asfaltata;Verticale ed orizzontale;Nuvoloso;Intenso;Buona;Ore Diurne;0;0;0;3;12,46908;41,89281;-1;2;Motociclo a solo;In marcia / fermata / arresto;Conducente;M;Illeso;0;;;
2997151;23;04/10/2016 20:55;Strada Urbana;VIA DELLE BALEARI;all'intersezione con;VIA DELLE ALEUTINE;VIA DELLE ALEUTINE;;;Scontro frontale/laterale DX fra veicoli in marcia;Incrocio;Una carreggiata a senso unico di marcia;Asciutto;Asfaltata;Verticale;Sereno;Scarso;Sufficiente;Sufficiente;1;0;0;1;12,28009;41,73693;-1;1;Autovettura privata;In marcia / fermata / arresto;Conducente;M;Illeso;0;;Non accertato;Esploso
2997151;23;04/10/2016 20:55;Strada Urbana;VIA DELLE BALEARI;all'intersezione con;VIA DELLE ALEUTINE;VIA DELLE ALEUTINE;;;Scontro frontale/laterale DX fra veicoli in marcia;Incrocio;Una carreggiata a senso unico di marcia;Asciutto;Asfaltata;Verticale;Sereno;Scarso;Sufficiente;Sufficiente;1;0;0;1;12,28009;41,73693;-1;2;Autovettura privata;In marcia / fermata / arresto;Conducente;M;Rimandato;0;NON DECEDUTO;Non accertato;Inesploso
2997159;1;06/10/2016 06:45;Strada Urbana;VIA FARINI;all'intersezione semaforizzata con;VIA GIOBERTI;VIA GIOBERTI;;;Investimento di pedone;Intersezione semaforizzata;Una carreggiata a doppio senso;Bagnato (umidità in atto);Asfaltata;Verticale ed orizzontale;Nuvoloso;Scarso;Sufficiente;Sufficiente;1;0;0;1;12,49896;41,89865;-1;;;;Pedone;M;Rimandato;0;NON DECEDUTO;;
2997159;1;06/10/2016 06:45;Strada Urbana;VIA FARINI;all'intersezione semaforizzata con;VIA GIOBERTI;VIA GIOBERTI;;;Investimento di pedone;Intersezione semaforizzata;Una carreggiata a doppio senso;Bagnato (umidità in atto);Asfaltata;Verticale ed orizzontale;Nuvoloso;Scarso;Sufficiente;Sufficiente;1;0;0;1;12,49896;41,89865;-1;1;Macchina operatrice;In marcia / fermata / arresto;Conducente;M;Illeso;0;;;
2997162;12;05/10/2016 07:55;Strada Urbana;VIALE IGNAZIO SILONE;da specificare;;;;prox. fronte via M. Bellonci;Tamponamento;Rettilineo;Due carreggiate;Asciutto;Asfaltata;Verticale ed orizzontale;Sereno;Scarso;Buona;Ore Diurne;0;0;0;2;12,56009;41,98083;-1;1;Autovettura privata;In marcia / fermata / arresto;Conducente;M;Illeso;0;;Utilizzato;Inesploso
2997162;12;05/10/2016 07:55;Strada Urbana;VIALE IGNAZIO SILONE;da specificare;;;;prox. fronte via M. Bellonci;Tamponamento;Rettilineo;Due carreggiate;Asciutto;Asfaltata;Verticale ed orizzontale;Sereno;Scarso;Buona;Ore Diurne;0;0;0;2;12,56009;41,98083;-1;2;Autovettura privata;In marcia / fermata / arresto;Conducente;F;Illeso;0;;Utilizzato;Inesploso
2997167;10;06/10/2016 10:40;Strada Urbana;VIA ERMINIO;all'intersezione con;VIA PAESTUM;VIA PAESTUM;;;Scontro frontale/laterale DX fra veicoli in marcia;Incrocio;Una carreggiata a senso unico di marcia;Bagnato (pioggia);Asfaltata;Verticale ed orizzontale;Pioggia in atto;Normale;Buona;Ore Diurne;1;0;0;1;12,55159;41,85776;-1;1;Autovettura privata;In marcia / fermata / arresto;Conducente;F;Rimandato;0;NON DECEDUTO;Non accertato;Inesploso
2997167;10;06/10/2016 10:40;Strada Urbana;VIA ERMINIO;all'intersezione con;VIA PAESTUM;VIA PAESTUM;;;Scontro frontale/laterale DX fra veicoli in marcia;Incrocio;Una carreggiata a senso unico di marcia;Bagnato (pioggia);Asfaltata;Verticale ed orizzontale;Pioggia in atto;Normale;Buona;Ore Diurne;1;0;0;1;12,55159;41,85776;-1;2;Autovettura privata;In marcia / fermata / arresto;Conducente;M;Illeso;0;;Non accertato;Inesploso
2997171;1;06/10/2016 07:40;Strada Urbana;VIA MARMORATA;in corrispondenza;;del palo luce n.;5;;Tamponamento;Rettilineo;Una carreggiata a doppio senso;Bagnato (pioggia);In cubetti di porfido;Verticale ed orizzontale;Nuvoloso;Normale;Buona;Ore Diurne;0;0;0;2;12,4784;41,87981;-1;1;Autovettura privata;In marcia / fermata / arresto;Conducente;M;Illeso;0;;Non accertato;
2997171;1;06/10/2016 07:40;Strada Urbana;VIA MARMORATA;in corrispondenza;;del palo luce n.;5;;Tamponamento;Rettilineo;Una carreggiata a doppio senso;Bagnato (pioggia);In cubetti di porfido;Verticale ed orizzontale;Nuvoloso;Normale;Buona;Ore Diurne;0;0;0;2;12,4784;41,87981;-1;2;Autocarro inferiore 35 q.;In marcia / fermata / arresto;Conducente;M;Illeso;0;;Non accertato;Inesploso
2997177;6;06/10/2016 11:05;Strada Urbana;VIA DI ACQUA BULLICANTE;in corrispondenza;;del civico n.;28;;Investimento di pedone;Rettilineo;Una carreggiata a doppio senso;Asciutto;Asfaltata;Orizzontale;Nuvoloso;Normale;Buona;Ore Diurne;1;0;0;1;12,54328;41,8818;-1;;;;Pedone;M;Ricoverato;0;NON DECEDUTO;;
2997177;6;06/10/2016 11:05;Strada Urbana;VIA DI ACQUA BULLICANTE;in corrispondenza;;del civico n.;28;;Investimento di pedone;Rettilineo;Una carreggiata a doppio senso;Asciutto;Asfaltata;Orizzontale;Nuvoloso;Normale;Buona;Ore Diurne;1;0;0;1;12,54328;41,8818;-1;1;Autovettura privata;In marcia / fermata / arresto;Conducente;F;Illeso;0;;Non accertato;Inesploso
2997181;23;04/10/2016 18:00;Strada Urbana;VIA TOR DE' SCHIAVI;all'intersezione con;VIA FIUGGI;VIA FIUGGI;;;Scontro frontale/laterale DX fra veicoli in marcia;Incrocio;Due carreggiate;Asciutto;Asfaltata;Verticale ed orizzontale;Sereno;Intenso;Buona;Ore Diurne;0;0;0;3;12,56278;41,88494;-1;1;Autovettura privata;In marcia / fermata / arresto;Conducente;M;Illeso;0;;Non accertato;Inesploso
2997181;23;04/10/2016 18:00;Strada Urbana;VIA TOR DE' SCHIAVI;all'intersezione con;VIA FIUGGI;VIA FIUGGI;;;Scontro frontale/laterale DX fra veicoli in marcia;Incrocio;Due carreggiate;Asciutto;Asfaltata;Verticale ed orizzontale;Sereno;Intenso;Buona;Ore Diurne;0;0;0;3;12,56278;41,88494;-1;1;Autovettura privata;In marcia / fermata / arresto;Passeggero;M;Illeso;0;;Non accertato;Inesploso
2997181;23;04/10/2016 18:00;Strada Urbana;VIA TOR DE' SCHIAVI;all'intersezione con;VIA FIUGGI;VIA FIUGGI;;;Scontro frontale/laterale DX fra veicoli in marcia;Incrocio;Due carreggiate;Asciutto;Asfaltata;Verticale ed orizzontale;Sereno;Intenso;Buona;Ore Diurne;0;0;0;3;12,56278;41,88494;-1;2;Autovettura privata;In marcia / fermata / arresto;Conducente;M;Illeso;0;;Non accertato;Inesploso
2997190;18;06/10/2016 08:05;Strada Urbana;VIA DI BOCCEA;in corrispondenza;;del civico n.;238/A;;Investimento di pedone;Rettilineo;Una carreggiata a doppio senso;Asciutto;Asfaltata;Verticale ed orizzontale;Nuvoloso;Intenso;Buona;Ore Diurne;2;0;0;1;12,42054;41,90361;-1;;;;Pedone;M;Rimandato;0;NON DECEDUTO;;
2997190;18;06/10/2016 08:05;Strada Urbana;VIA DI BOCCEA;in corrispondenza;;del civico n.;238/A;;Investimento di pedone;Rettilineo;Una carreggiata a doppio senso;Asciutto;Asfaltata;Verticale ed orizzontale;Nuvoloso;Intenso;Buona;Ore Diurne;2;0;0;1;12,42054;41,90361;-1;1;Motociclo a solo;In marcia / fermata / arresto;Conducente;M;Illeso;0;;Non accertato;
2997190;18;06/10/2016 08:05;Strada Urbana;VIA DI BOCCEA;in corrispondenza;;del civico n.;238/A;;Investimento di pedone;Rettilineo;Una carreggiata a doppio senso;Asciutto;Asfaltata;Verticale ed orizzontale;Nuvoloso;Intenso;Buona;Ore Diurne;2;0;0;1;12,42054;41,90361;-1;1;Motociclo a solo;In marcia / fermata / arresto;Passeggero;F;Rifiuta cure immediate;0;NON DECEDUTO;Non accertato;
2997212;20;06/10/2016 12:00;Strada Urbana;VIA RIANO;in prossimità;;del civico n.;52;;Tamponamento;Rettilineo;Una carreggiata a senso unico di marcia;Bagnato (pioggia);Asfaltata;Orizzontale;Pioggia in atto;Normale;Buona;Ore Diurne;0;0;0;4;12,46972;41,93757;-1;1;Autovettura privata;In marcia / fermata / arresto;Conducente;F;Illeso;0;;Non accertato;Inesploso
2997212;20;06/10/2016 12:00;Strada Urbana;VIA RIANO;in prossimità;;del civico n.;52;;Tamponamento;Rettilineo;Una carreggiata a senso unico di marcia;Bagnato (pioggia);Asfaltata;Orizzontale;Pioggia in atto;Normale;Buona;Ore Diurne;0;0;0;4;12,46972;41,93757;-1;1;Autovettura privata;In marcia / fermata / arresto;Passeggero;F;Illeso;0;;Non accertato;Inesploso
2997212;20;06/10/2016 12:00;Strada Urbana;VIA RIANO;in prossimità;;del civico n.;52;;Tamponamento;Rettilineo;Una carreggiata a senso unico di marcia;Bagnato (pioggia);Asfaltata;Orizzontale;Pioggia in atto;Normale;Buona;Ore Diurne;0;0;0;4;12,46972;41,93757;-1;2;Autovettura privata;In marcia / fermata / arresto;Conducente;F;Illeso;0;;;
2997212;20;06/10/2016 12:00;Strada Urbana;VIA RIANO;in prossimità;;del civico n.;52;;Tamponamento;Rettilineo;Una carreggiata a senso unico di marcia;Bagnato (pioggia);Asfaltata;Orizzontale;Pioggia in atto;Normale;Buona;Ore Diurne;0;0;0;4;12,46972;41,93757;-1;2;Autovettura privata;In marcia / fermata / arresto;Passeggero;M;Illeso;0;;Non accertato;Inesploso
2997216;23;05/10/2016 08:55;Comunale extraurbana;VIA OSTIENSE;all'intersezione con;VIA DI MALAFEDE;VIA DI MALAFEDE;;;Scontro frontale fra veicoli in marcia;Intersezione stradale segnalata;Una carreggiata a doppio senso;Asciutto;Asfaltata;Verticale;Sereno;Normale;Buona;Ore Diurne;1;0;0;2;12,38943;41,79287;-1;1;Motociclo a solo;In marcia / fermata / arresto;Conducente;M;Rifiuta cure immediate;0;NON DECEDUTO;Non accertato;
2997216;23;05/10/2016 08:55;Comunale extraurbana;VIA OSTIENSE;all'intersezione con;VIA DI MALAFEDE;VIA DI MALAFEDE;;;Scontro frontale fra veicoli in marcia;Intersezione stradale segnalata;Una carreggiata a doppio senso;Asciutto;Asfaltata;Verticale;Sereno;Normale;Buona;Ore Diurne;1;0;0;2;12,38943;41,79287;-1;2;Autovettura privata;In marcia / fermata / arresto;Conducente;F;Illeso;0;;Non accertato;Inesploso
2997216;23;05/10/2016 08:55;Comunale extraurbana;VIA OSTIENSE;all'intersezione con;VIA DI MALAFEDE;VIA DI MALAFEDE;;;Scontro frontale fra veicoli in marcia;Intersezione stradale segnalata;Una carreggiata a doppio senso;Asciutto;Asfaltata;Verticale;Sereno;Normale;Buona;Ore Diurne;1;0;0;2;12,38943;41,79287;-1;2;Autovettura privata;In marcia / fermata / arresto;Passeggero;F;Illeso;0;;Non accertato;Inesploso
2997270;23;05/10/2016 14:20;Strada Urbana;VIA CRISTOFORO COLOMBO;all'intersezione semaforizzata con;VIA PINDARO;VIA PINDARO;;;Infortunio per sola frenata improvvisa;Intersezione semaforizzata;Più di due carreggiate;Asciutto;Asfaltata;Verticale ed orizzontale;Nuvoloso;Intenso;Buona;Ore Diurne;1;0;0;2;12,36971;41,75502;-1;;;;Pedone;M;Illeso;0;;;
2997270;23;05/10/2016 14:20;Strada Urbana;VIA CRISTOFORO COLOMBO;all'intersezione semaforizzata con;VIA PINDARO;VIA PINDARO;;;Infortunio per sola frenata improvvisa;Intersezione semaforizzata;Più di due carreggiate;Asciutto;Asfaltata;Verticale ed orizzontale;Nuvoloso;Intenso;Buona;Ore Diurne;1;0;0;2;12,36971;41,75502;-1;;;;Pedone;M;Illeso;0;;;
2997270;23;05/10/2016 14:20;Strada Urbana;VIA CRISTOFORO COLOMBO;all'intersezione semaforizzata con;VIA PINDARO;VIA PINDARO;;;Infortunio per sola frenata improvvisa;Intersezione semaforizzata;Più di due carreggiate;Asciutto;Asfaltata;Verticale ed orizzontale;Nuvoloso;Intenso;Buona;Ore Diurne;1;0;0;2;12,36971;41,75502;-1;1;Motociclo a solo;In marcia / fermata / arresto;Conducente;M;Rifiuta cure immediate;0;NON DECEDUTO;Utilizzato;
2997287;23;05/10/2016 17:00;Strada Urbana;VIA VITTORIO BACHELET;all'intersezione con;VIA VICENZA;VIA VICENZA;;;Veicolo in marcia contro veicolo in sosta;Incrocio;Una carreggiata a senso unico di marcia;Asciutto;Asfaltata;Verticale ed orizzontale;Nuvoloso;Scarso;Buona;Ore Diurne;0;0;0;1;12,50349;41,90445;-1;1;Autocarro inferiore 35 q.;In marcia / fermata / arresto;Conducente;M;Illeso;0;;Non accertato;Inesploso
2997316;1;06/10/2016 07:50;Strada Urbana;VIA DI S. CROCE IN GERUSALEMME;in prossimità;;del civico n.;45;;Scontro laterale fra veicoli in marcia;Rettilineo;Una carreggiata a doppio senso;Bagnato (pioggia);Asfaltata;Verticale ed orizzontale;Nuvoloso;Normale;Buona;Ore Diurne;0;0;0;4;12,51273;41,8897;-1;1;Autovettura privata;In marcia / fermata / arresto;Conducente;F;Illeso;0;;Non accertato;
2997316;1;06/10/2016 07:50;Strada Urbana;VIA DI S. CROCE IN GERUSALEMME;in prossimità;;del civico n.;45;;Scontro laterale fra veicoli in marcia;Rettilineo;Una carreggiata a doppio senso;Bagnato (pioggia);Asfaltata;Verticale ed orizzontale;Nuvoloso;Normale;Buona;Ore Diurne;0;0;0;4;12,51273;41,8897;-1;1;Autovettura privata;In marcia / fermata / arresto;Passeggero;F;Illeso;0;;Non accertato;
2997316;1;06/10/2016 07:50;Strada Urbana;VIA DI S. CROCE IN GERUSALEMME;in prossimità;;del civico n.;45;;Scontro laterale fra veicoli in marcia;Rettilineo;Una carreggiata a doppio senso;Bagnato (pioggia);Asfaltata;Verticale ed orizzontale;Nuvoloso;Normale;Buona;Ore Diurne;0;0;0;4;12,51273;41,8897;-1;1;Autovettura privata;In marcia / fermata / arresto;Passeggero;M;Illeso;0;;Non accertato;
2997316;1;06/10/2016 07:50;Strada Urbana;VIA DI S. CROCE IN GERUSALEMME;in prossimità;;del civico n.;45;;Scontro laterale fra veicoli in marcia;Rettilineo;Una carreggiata a doppio senso;Bagnato (pioggia);Asfaltata;Verticale ed orizzontale;Nuvoloso;Normale;Buona;Ore Diurne;0;0;0;4;12,51273;41,8897;-1;2;Autovettura privata;In marcia / fermata / arresto;Conducente;F;Illeso;0;;Non accertato;
2997398;2;06/10/2016 12:00;Strada Urbana;VIA GUIDUBALDO DEL MONTE;in corrispondenza;;del civico n.;28/46;;Veicolo in marcia contro veicolo fermo;Rettilineo;Una carreggiata a senso unico di marcia;Bagnato (pioggia);Asfaltata;Verticale ed orizzontale;Pioggia in atto;Normale;Buona;Ore Diurne;1;0;0;1;12,47965;41,92761;-1;1;Motociclo a solo;In marcia / fermata / arresto;Conducente;M;Rimandato;0;NON DECEDUTO;;
2997398;2;06/10/2016 12:00;Strada Urbana;VIA GUIDUBALDO DEL MONTE;in corrispondenza;;del civico n.;28/46;;Veicolo in marcia contro veicolo fermo;Rettilineo;Una carreggiata a senso unico di marcia;Bagnato (pioggia);Asfaltata;Verticale ed orizzontale;Pioggia in atto;Normale;Buona;Ore Diurne;1;0;0;1;12,47965;41,92761;-1;2;Autovettura privata;In marcia / fermata / arresto;Conducente;M;Illeso;0;;;
2997421;1;06/10/2016 12:40;Strada Urbana;VIA DI S. GREGORIO;in prossimità;;del palo luce n.;14;;Investimento di pedone;Rettilineo;Due carreggiate;Bagnato (pioggia);In cubetti di porfido;Verticale ed orizzontale;Pioggia in atto;Normale;Buona;Ore Diurne;1;0;0;3;12,48997;41,88771;-1;;;;Pedone;M;Rimandato;0;NON DECEDUTO;;
2997421;1;06/10/2016 12:40;Strada Urbana;VIA DI S. GREGORIO;in prossimità;;del palo luce n.;14;;Investimento di pedone;Rettilineo;Due carreggiate;Bagnato (pioggia);In cubetti di porfido;Verticale ed orizzontale;Pioggia in atto;Normale;Buona;Ore Diurne;1;0;0;3;12,48997;41,88771;-1;1;Autovettura privata;In marcia / fermata / arresto;Conducente;M;Illeso;0;;Non accertato;Inesploso
2997421;1;06/10/2016 12:40;Strada Urbana;VIA DI S. GREGORIO;in prossimità;;del palo luce n.;14;;Investimento di pedone;Rettilineo;Due carreggiate;Bagnato (pioggia);In cubetti di porfido;Verticale ed orizzontale;Pioggia in atto;Normale;Buona;Ore Diurne;1;0;0;3;12,48997;41,88771;-1;1;Autovettura privata;In marcia / fermata / arresto;Passeggero;F;Illeso;0;;Non accertato;
2997421;1;06/10/2016 12:40;Strada Urbana;VIA DI S. GREGORIO;in prossimità;;del palo luce n.;14;;Investimento di pedone;Rettilineo;Due carreggiate;Bagnato (pioggia);In cubetti di porfido;Verticale ed orizzontale;Pioggia in atto;Normale;Buona;Ore Diurne;1;0;0;3;12,48997;41,88771;-1;1;Autovettura privata;In marcia / fermata / arresto;Passeggero;F;Illeso;0;;Non accertato;