Protocollo;Gruppo;DataOraIncidente;Localizzazione1;STRADA1;Localizzazione2;STRADA2;Strada02;Chilometrica;DaSpecificare;NaturaIncidente;particolaritastrade;TipoStrada;FondoStradale;Pavimentazione;Segnaletica;CondizioneAtmosferica;Traffico;Visibilita;Illuminazione;NUM_FERITI;NUM_RISERVATA;NUM_MORTI;NUM_ILLESI;Longitudine;Latitudine;Confermato;Progressivo;TipoVeicolo;StatoVeicolo;TipoPersona;Sesso;Tipolesione;Deceduto;DecedutoDopo;CinturaCascoUtilizzato;Airbag
3001677;13;08/10/2016 20:30;Strada Urbana;VIA OSTIENSE;in prossimità;;del palo luce n.;537;;Veicolo in marcia contro ostacolo accidentale;Pendenza;Una carreggiata a doppio senso;Asciutto;Asfaltata;Verticale ed orizzontale;Sereno;Normale;Buona;Ore Diurne;0;0;0;2;12,42161;41,80982;-1;1;Autovettura privata;In marcia / fermata / arresto;Passeggero;M;Illeso;0;;Non accertato;Inesploso
3001685;13;08/10/2016 17:45;Strada Urbana;VIA PINDARO;da specificare;;;;altezza distributore carburante ESSO;Scontro frontale/laterale DX fra veicoli in marcia;Rettilineo;Una carreggiata a doppio senso;Bagnato (pioggia);Asfaltata;Verticale;Pioggia in atto;Normale;Buona;Ore Diurne;0;0;0;2;12,36969;41,75476;-1;1;Autovettura privata;In marcia / fermata / arresto;Conducente;M;Illeso;0;;Non accertato;Inesploso
3001685;13;08/10/2016 17:45;Strada Urbana;VIA PINDARO;da specificare;;;;altezza distributore carburante ESSO;Scontro frontale/laterale DX fra veicoli in marcia;Rettilineo;Una carreggiata a doppio senso;Bagnato (pioggia);Asfaltata;Verticale;Pioggia in atto;Normale;Buona;Ore Diurne;0;0;0;2;12,36969;41,75476;-1;2;Autovettura privata;In marcia / fermata / arresto;Conducente;M;Illeso;0;;Non accertato;Inesploso
3001702;13;09/10/2016 00:35;Strada Urbana;VIA DI MALAFEDE;da specificare;;;;altezza via Massimo Troisi;Veicolo in marcia contro ostacolo accidentale;Rettilineo;Una carreggiata a doppio senso;Asciutto;Con buche;Verticale ed orizzontale;Sereno;Scarso;Sufficiente;Sufficiente;0;0;0;1;12,40305;41,76871;-1;1;Autovettura privata;In marcia / fermata / arresto;Conducente;M;Illeso;0;;Non accertato;Inesploso
3001706;13;09/10/2016 12:30;Strada Urbana;VIA DI ACILIA;in prossimità;;del civico n.;388;;Veicolo in marcia contro ostacolo accidentale;Rettilineo;Una carreggiata a doppio senso;Asciutto;Asfaltata;Verticale ed orizzontale;Sereno;Normale;Buona;Ore Diurne;0;0;0;2;12,37745;41,76827;-1;1;Autovettura privata;In marcia / fermata / arresto;Conducente;M;Illeso;0;;Non accertato;Inesploso
3001706;13;09/10/2016 12:30;Strada Urbana;VIA DI ACILIA;in prossimità;;del civico n.;388;;Veicolo in marcia contro ostacolo accidentale;Rettilineo;Una carreggiata a doppio senso;Asciutto;Asfaltata;Verticale ed orizzontale;Sereno;Normale;Buona;Ore Diurne;0;0;0;2;12,37745;41,76827;-1;1;Autovettura privata;In marcia / fermata / arresto;Passeggero;F;Illeso;0;;Non accertato;Inesploso
3001819;5;08/10/2016 23:40;Strada Urbana;VIA COLLATINA;in prossimità;;del civico n.;532;;Veicolo in marcia contro ostacolo accidentale;Rettilineo;Una carreggiata a doppio senso;Bagnato (umidità in atto);Asfaltata;Orizzontale;Nuvoloso;Normale;Insufficiente;Inesistente;0;0;0;1;12,61969;41,90624;-1;1;Autovettura privata;In marcia / fermata / arresto;Conducente;M;Illeso;0;;Non accertato;Inesistente
3001825;5;09/10/2016 08:50;Strada Urbana;VIALE EGIDIO GALBANI;all'intersezione semaforizzata con;VIA ATTILIO BENIGNI;VIA ATTILIO BENIGNI;;;Tamponamento;Intersezione semaforizzata;Due carreggiate;Asciutto;Asfaltata;Verticale ed orizzontale;Sereno;Normale;Buona;Ore Diurne;0;0;0;6;12,56122;41,93103;-1;1;Autovettura privata;In marcia / fermata / arresto;Conducente;M;Illeso;0;;Non accertato;
3001825;5;09/10/2016 08:50;Strada Urbana;VIALE EGIDIO GALBANI;all'intersezione semaforizzata con;VIA ATTILIO BENIGNI;VIA ATTILIO BENIGNI;;;Tamponamento;Intersezione semaforizzata;Due carreggiate;Asciutto;Asfaltata;Verticale ed orizzontale;Sereno;Normale;Buona;Ore Diurne;0;0;0;6;12,56122;41,93103;-1;2;Autovettura privata;In marcia / fermata / arresto;Conducente;M;Illeso;0;;Non accertato;
3001825;5;09/10/2016 08:50;Strada Urbana;VIALE EGIDIO GALBANI;all'intersezione semaforizzata con;VIA ATTILIO BENIGNI;VIA ATTILIO BENIGNI;;;Tamponamento;Intersezione semaforizzata;Due carreggiate;Asciutto;Asfaltata;Verticale ed orizzontale;Sereno;Normale;Buona;Ore Diurne;0;0;0;6;12,56122;41,93103;-1;2;Autovettura privata;In marcia / fermata / arresto;Passeggero;F;Illeso;0;;Non accertato;
3001825;5;09/10/2016 08:50;Strada Urbana;VIALE EGIDIO GALBANI;all'intersezione semaforizzata con;VIA ATTILIO BENIGNI;VIA ATTILIO BENIGNI;;;Tamponamento;Intersezione semaforizzata;Due carreggiate;Asciutto;Asfaltata;Verticale ed orizzontale;Sereno;Normale;Buona;Ore Diurne;0;0;0;6;12,56122;41,93103;-1;2;Autovettura privata;In marcia / fermata / arresto;Passeggero;F;Illeso;0;;Non accertato;
3001825;5;09/10/2016 08:50;Strada Urbana;VIALE EGIDIO GALBANI;all'intersezione semaforizzata con;VIA ATTILIO BENIGNI;VIA ATTILIO BENIGNI;;;Tamponamento;Intersezione semaforizzata;Due carreggiate;Asciutto;Asfaltata;Verticale ed orizzontale;Sereno;Normale;Buona;Ore Diurne;0;0;0;6;12,56122;41,93103;-1;2;Autovettura privata;In marcia / fermata / arresto;Passeggero;F;Illeso;0;;Non accertato;
3001825;5;09/10/2016 08:50;Strada Urbana;VIALE EGIDIO GALBANI;all'intersezione semaforizzata con;VIA ATTILIO BENIGNI;VIA ATTILIO BENIGNI;;;Tamponamento;Intersezione semaforizzata;Due carreggiate;Asciutto;Asfaltata;Verticale ed orizzontale;Sereno;Normale;Buona;Ore Diurne;0;0;0;6;12,56122;41,93103;-1;2;Autovettura privata;In marcia / fermata / arresto;Passeggero;M;Illeso;0;;Utilizzato;
3001856;2;09/10/2016 01:50;Strada Urbana;CIRCONVALLAZIONE TIBURTINA;da specificare;;;;dir. p.le del Verano;Veicolo in marcia contro veicoli in sosta;Curva senza visuale libera;Più di due carreggiate;Asciutto;Asfaltata;Verticale;Nuvoloso;Scarso;Buona;Sufficiente;1;0;0;5;12,52773;41,89951;-1;1;Autovettura privata;In marcia / fermata / arresto;Conducente;M;Illeso;0;;Non accertato;Inesploso
3001856;2;09/10/2016 01:50;Strada Urbana;CIRCONVALLAZIONE TIBURTINA;da specificare;;;;dir. p.le del Verano;Veicolo in marcia contro veicoli in sosta;Curva senza visuale libera;Più di due carreggiate;Asciutto;Asfaltata;Verticale;Nuvoloso;Scarso;Buona;Sufficiente;1;0;0;5;12,52773;41,89951;-1;1;Autovettura privata;In marcia / fermata / arresto;Passeggero;F;Illeso;0;;Non accertato;Inesploso
3001856;2;09/10/2016 01:50;Strada Urbana;CIRCONVALLAZIONE TIBURTINA;da specificare;;;;dir. p.le del Verano;Veicolo in marcia contro veicoli in sosta;Curva senza visuale libera;Più di due carreggiate;Asciutto;Asfaltata;Verticale;Nuvoloso;Scarso;Buona;Sufficiente;1;0;0;5;12,52773;41,89951;-1;2;Autovettura privata;Sosta;Passeggero;F;Illeso;0;;Non accertato;Inesistente
3001856;2;09/10/2016 01:50;Strada Urbana;CIRCONVALLAZIONE TIBURTINA;da specificare;;;;dir. p.le del Verano;Veicolo in marcia contro veicoli in sosta;Curva senza visuale libera;Più di due carreggiate;Asciutto;Asfaltata;Verticale;Nuvoloso;Scarso;Buona;Sufficiente;1;0;0;5;12,52773;41,89951;-1;2;Autovettura privata;Sosta;Passeggero;M;Rimandato;0;NON DECEDUTO;;
3001856;2;09/10/2016 01:50;Strada Urbana;CIRCONVALLAZIONE TIBURTINA;da specificare;;;;dir. p.le del Verano;Veicolo in marcia contro veicoli in sosta;Curva senza visuale libera;Più di due carreggiate;Asciutto;Asfaltata;Verticale;Nuvoloso;Scarso;Buona;Sufficiente;1;0;0;5;12,52773;41,89951;-1;2;Autovettura privata;Sosta;Passeggero;M;Illeso;0;;Non accertato;Inesistente
3001856;2;09/10/2016 01:50;Strada Urbana;CIRCONVALLAZIONE TIBURTINA;da specificare;;;;dir. p.le del Verano;Veicolo in marcia contro veicoli in sosta;Curva senza visuale libera;Più di due carreggiate;Asciutto;Asfaltata;Verticale;Nuvoloso;Scarso;Buona;Sufficiente;1;0;0;5;12,52773;41,89951;-1;2;Autovettura privata;Sosta;Passeggero;M;Illeso;0;;Non accertato;Inesploso
3001857;2;09/10/2016 03:15;Strada Urbana;LARGO PIERO GABRIELLI;in prossimità;;del civico n.;1;;Veicolo in marcia contro veicolo in sosta;Curva a visuale libera;Due carreggiate;Bagnato (umidità in atto);Asfaltata;Verticale ed orizzontale;Nuvoloso;Scarso;Buona;Sufficiente;0;0;0;1;12,49072;41,93632;-1;1;Autovettura privata;In marcia / fermata / arresto;Conducente;F;Illeso;0;;;
3001960;13;09/10/2016 16:15;Strada Urbana;LUNGOMARE LUTAZIO CATULO;all'intersezione semaforizzata con;PIAZZALE DELL'AQUILONE;PIAZZALE DELL'AQUILONE;;;Scontro frontale/laterale SX fra veicoli in marcia;Intersezione semaforizzata;Due carreggiate;Asciutto;Asfaltata;Verticale ed orizzontale;Sereno;Intenso;Buona;Ore Diurne;0;1;0;2;12,3129;41,71639;-1;1;Autovettura privata;In marcia / fermata / arresto;Conducente;F;Illeso;0;;Non accertato;Inesploso
3001960;13;09/10/2016 16:15;Strada Urbana;LUNGOMARE LUTAZIO CATULO;all'intersezione semaforizzata con;PIAZZALE DELL'AQUILONE;PIAZZALE DELL'AQUILONE;;;Scontro frontale/laterale SX fra veicoli in marcia;Intersezione semaforizzata;Due carreggiate;Asciutto;Asfaltata;Verticale ed orizzontale;Sereno;Intenso;Buona;Ore Diurne;0;1;0;2;12,3129;41,71639;-1;1;Autovettura privata;In marcia / fermata / arresto;Passeggero;F;Illeso;0;;Non accertato;Inesploso
3001960;13;09/10/2016 16:15;Strada Urbana;LUNGOMARE LUTAZIO CATULO;all'intersezione semaforizzata con;PIAZZALE DELL'AQUILONE;PIAZZALE DELL'AQUILONE;;;Scontro frontale/laterale SX fra veicoli in marcia;Intersezione semaforizzata;Due carreggiate;Asciutto;Asfaltata;Verticale ed orizzontale;Sereno;Intenso;Buona;Ore Diurne;0;1;0;2;12,3129;41,71639;-1;2;Motociclo a solo;In marcia / fermata / arresto;Conducente;M;Prognosi riservata;0;NON DECEDUTO;;
3001984;13;09/10/2016 15:15;Strada Urbana;VIALE DELLE REPUBBLICHE MARINARE;all'intersezione con;VIA MARCELLO PUCCI BONCAMBI;VIA MARCELLO PUCCI BONCAMBI;;;Scontro frontale/laterale DX fra veicoli in marcia;Incrocio;Due carreggiate;Asciutto;Asfaltata;Verticale;Sereno;Scarso;Buona;Ore Diurne;0;0;0;4;12,26834;41,73532;-1;1;Autovettura privata;In marcia / fermata / arresto;Conducente;F;Illeso;0;;Non accertato;Inesploso
3001984;13;09/10/2016 15:15;Strada Urbana;VIALE DELLE REPUBBLICHE MARINARE;all'intersezione con;VIA MARCELLO PUCCI BONCAMBI;VIA MARCELLO PUCCI BONCAMBI;;;Scontro frontale/laterale DX fra veicoli in marcia;Incrocio;Due carreggiate;Asciutto;Asfaltata;Verticale;Sereno;Scarso;Buona;Ore Diurne;0;0;0;4;12,26834;41,73532;-1;1;Autovettura privata;In marcia / fermata / arresto;Passeggero;F;Illeso;0;;Non accertato;Inesploso
3001984;13;09/10/2016 15:15;Strada Urbana;VIALE DELLE REPUBBLICHE MARINARE;all'intersezione con;VIA MARCELLO PUCCI BONCAMBI;VIA MARCELLO PUCCI BONCAMBI;;;Scontro frontale/laterale DX fra veicoli in marcia;Incrocio;Due carreggiate;Asciutto;Asfaltata;Verticale;Sereno;Scarso;Buona;Ore Diurne;0;0;0;4;12,26834;41,73532;-1;2;Autovettura privata;In marcia / fermata / arresto;Conducente;M;Illeso;0;;Non accertato;Inesploso
3001984;13;09/10/2016 15:15;Strada Urbana;VIALE DELLE REPUBBLICHE MARINARE;all'intersezione con;VIA MARCELLO PUCCI BONCAMBI;VIA MARCELLO PUCCI BONCAMBI;;;Scontro frontale/laterale DX fra veicoli in marcia;Incrocio;Due carreggiate;Asciutto;Asfaltata;Verticale;Sereno;Scarso;Buona;Ore Diurne;0;0;0;4;12,26834;41,73532;-1;2;Autovettura privata;In marcia / fermata / arresto;Passeggero;F;Illeso;0;;Non accertato;Inesploso
3002228;15;09/10/2016 12:15;Strada Urbana;VIA ODERISI DA GUBBIO;da specificare;;;;fronte civico 133;Scontro frontale/laterale SX fra veicoli in marcia;Rettilineo;Una carreggiata a doppio senso;Asciutto;Asfaltata;Orizzontale;Sereno;Scarso;Buona;Ore Diurne;0;0;0;4;12,46527;41,86551;-1;1;Autovettura privata;In marcia / fermata / arresto;Conducente;F;Illeso;0;;;
3002228;15;09/10/2016 12:15;Strada Urbana;VIA ODERISI DA GUBBIO;da specificare;;;;fronte civico 133;Scontro frontale/laterale SX fra veicoli in marcia;Rettilineo;Una carreggiata a doppio senso;Asciutto;Asfaltata;Orizzontale;Sereno;Scarso;Buona;Ore Diurne;0;0;0;4;12,46527;41,86551;-1;2;Autovettura privata;In marcia / fermata / arresto;Conducente;M;Illeso;0;;;
3002228;15;09/10/2016 12:15;Strada Urbana;VIA ODERISI DA GUBBIO;da specificare;;;;fronte civico 133;Scontro frontale/laterale SX fra veicoli in marcia;Rettilineo;Una carreggiata a doppio senso;Asciutto;Asfaltata;Orizzontale;Sereno;Scarso;Buona;Ore Diurne;0;0;0;4;12,46527;41,86551;-1;2;Autovettura privata;In marcia / fermata / arresto;Passeggero;F;Illeso;0;;;
3002228;15;09/10/2016 12:15;Strada Urbana;VIA ODERISI DA GUBBIO;da specificare;;;;fronte civico 133;Scontro frontale/laterale SX fra veicoli in marcia;Rettilineo;Una carreggiata a doppio senso;Asciutto;Asfaltata;Orizzontale;Sereno;Scarso;Buona;Ore Diurne;0;0;0;4;12,46527;41,86551;-1;2;Autovettura privata;In marcia / fermata / arresto;Passeggero;M;Illeso;0;;;
3002233;6;10/10/2016 00:20;Strada Urbana;VIA CALPURNIO FIAMMA;all'intersezione con;VIA TARQUINIO COLLATINO;VIA TARQUINIO COLLATINO;;;Scontro frontale/laterale SX fra veicoli in marcia;Intersezione stradale segnalata;Due carreggiate;Asciutto;Asfaltata;Verticale ed orizzontale;Sereno;Scarso;Sufficiente;Sufficiente;2;0;0;2;12,56157;41,86207;-1;1;Autovettura privata;In marcia / fermata / arresto;Conducente;F;Illeso;0;;;
3002233;6;10/10/2016 00:20;Strada Urbana;VIA CALPURNIO FIAMMA;all'intersezione con;VIA TARQUINIO COLLATINO;VIA TARQUINIO COLLATINO;;;Scontro frontale/laterale SX fra veicoli in marcia;Intersezione stradale segnalata;Due carreggiate;Asciutto;Asfaltata;Verticale ed orizzontale;Sereno;Scarso;Sufficiente;Sufficiente;2;0;0;2;12,56157;41,86207;-1;2;Autovettura privata;In marcia / fermata / arresto;Conducente;M;Illeso;0;;;
3002233;6;10/10/2016 00:20;Strada Urbana;VIA CALPURNIO FIAMMA;all'intersezione con;VIA TARQUINIO COLLATINO;VIA TARQUINIO COLLATINO;;;Scontro frontale/laterale SX fra veicoli in marcia;Intersezione stradale segnalata;Due carreggiate;Asciutto;Asfaltata;Verticale ed orizzontale;Sereno;Scarso;Sufficiente;Sufficiente;2;0;0;2;12,56157;41,86207;-1;2;Autovettura privata;In marcia / fermata / arresto;Passeggero;M;Rifiuta cure immediate;0;NON DECEDUTO;;
3002249;11;08/10/2016 18:00;Strada Urbana;VIALE DEL TINTORETTO;in corrispondenza;;del civico n.;432;;Veicolo in marcia contro ostacolo accidentale;Rettilineo;Due carreggiate;Bagnato (pioggia);Con buche;Verticale ed orizzontale;Pioggia in atto;Scarso;Sufficiente;Ore Diurne;0;0;0;2;12,49809;41,83276;-1;1;Autovettura privata;In marcia / fermata / arresto;Conducente;M;Illeso;0;;;
3002249;11;08/10/2016 18:00;Strada Urbana;VIALE DEL TINTORETTO;in corrispondenza;;del civico n.;432;;Veicolo in marcia contro ostacolo accidentale;Rettilineo;Due carreggiate;Bagnato (pioggia);Con buche;Verticale ed orizzontale;Pioggia in atto;Scarso;Sufficiente;Ore Diurne;0;0;0;2;12,49809;41,83276;-1;1;Autovettura privata;In marcia / fermata / arresto;Passeggero;F;Illeso;0;;;
3002260;11;09/10/2016 23:40;Strada Urbana;VIA APPIA NUOVA;in corrispondenza;;del civico n.;292;;Veicolo in marcia contro veicolo fermo;Rettilineo;Due carreggiate;Asciutto;Asfaltata;Verticale ed orizzontale;Sereno;Scarso;Buona;Sufficiente;0;0;0;5;12,51781;41,87864;-1;1;Autovettura privata;In marcia / fermata / arresto;Conducente;M;Illeso;0;;Non accertato;Inesploso
3002260;11;09/10/2016 23:40;Strada Urbana;VIA APPIA NUOVA;in corrispondenza;;del civico n.;292;;Veicolo in marcia contro veicolo fermo;Rettilineo;Due carreggiate;Asciutto;Asfaltata;Verticale ed orizzontale;Sereno;Scarso;Buona;Sufficiente;0;0;0;5;12,51781;41,87864;-1;1;Autovettura privata;In marcia / fermata / arresto;Passeggero;M;Illeso;0;;Non accertato;Inesistente
3002260;11;09/10/2016 23:40;Strada Urbana;VIA APPIA NUOVA;in corrispondenza;;del civico n.;292;;Veicolo in marcia contro veicolo fermo;Rettilineo;Due carreggiate;Asciutto;Asfaltata;Verticale ed orizzontale;Sereno;Scarso;Buona;Sufficiente;0;0;0;5;12,51781;41,87864;-1;1;Autovettura privata;In marcia / fermata / arresto;Passeggero;M;Illeso;0;;Non accertato;Inesploso
3002260;11;09/10/2016 23:40;Strada Urbana;VIA APPIA NUOVA;in corrispondenza;;del civico n.;292;;Veicolo in marcia contro veicolo fermo;Rettilineo;Due carreggiate;Asciutto;Asfaltata;Verticale ed orizzontale;Sereno;Scarso;Buona;Sufficiente;0;0;0;5;12,51781;41,87864;-1;2;Autovettura di polizia;In marcia / fermata / arresto;Conducente;M;Illeso;0;;;
3002260;11;09/10/2016 23:40;Strada Urbana;VIA APPIA NUOVA;in corrispondenza;;del civico n.;292;;Veicolo in marcia contro veicolo fermo;Rettilineo;Due carreggiate;Asciutto;Asfaltata;Verticale ed orizzontale;Sereno;Scarso;Buona;Sufficiente;0;0;0;5;12,51781;41,87864;-1;2;Autovettura di polizia;In marcia / fermata / arresto;Passeggero;M;Illeso;0;;;Inesploso
3002261;9;09/10/2016 09:20;Strada Urbana;VIA DEMETRIADE;in corrispondenza;;del civico n.;75;;Scontro frontale/laterale SX fra veicoli in marcia;Rettilineo;Una carreggiata a doppio senso;Asciutto;Asfaltata;Verticale ed orizzontale;Sereno;Normale;Buona;Ore Diurne;1;0;0;2;12,53956;41,86205;-1;1;Autovettura privata;In marcia / fermata / arresto;Conducente;M;Illeso;0;;Non accertato;Inesploso
3002261;9;09/10/2016 09:20;Strada Urbana;VIA DEMETRIADE;in corrispondenza;;del civico n.;75;;Scontro frontale/laterale SX fra veicoli in marcia;Rettilineo;Una carreggiata a doppio senso;Asciutto;Asfaltata;Verticale ed orizzontale;Sereno;Normale;Buona;Ore Diurne;1;0;0;2;12,53956;41,86205;-1;1;Autovettura privata;In marcia / fermata / arresto;Passeggero;M;Illeso;0;;Non accertato;Inesploso
3002261;9;09/10/2016 09:20;Strada Urbana;VIA DEMETRIADE;in corrispondenza;;del civico n.;75;;Scontro frontale/laterale SX fra veicoli in marcia;Rettilineo;Una carreggiata a doppio senso;Asciutto;Asfaltata;Verticale ed orizzontale;Sereno;Normale;Buona;Ore Diurne;1;0;0;2;12,53956;41,86205;-1;2;Motociclo a solo;In marcia / fermata / arresto;Conducente;M;Rimandato;0;NON DECEDUTO;Non accertato;
3002271;11;08/10/2016 22:30;Strada Urbana;VIA ARDEATINA;da specificare;;;;altezza Via S. Sebastiano;Veicolo in marcia contro veicoli in sosta;Rettilineo;Una carreggiata a doppio senso;Asciutto;Asfaltata;Verticale ed orizzontale;Nuvoloso;Scarso;Buona;Sufficiente;0;0;0;2;12,52576;41,81285;-1;1;Autovettura privata;In marcia / fermata / arresto;Conducente;M;Illeso;0;;Non accertato;Inesploso
3002271;11;08/10/2016 22:30;Strada Urbana;VIA ARDEATINA;da specificare;;;;altezza Via S. Sebastiano;Veicolo in marcia contro veicoli in sosta;Rettilineo;Una carreggiata a doppio senso;Asciutto;Asfaltata;Verticale ed orizzontale;Nuvoloso;Scarso;Buona;Sufficiente;0;0;0;2;12,52576;41,81285;-1;1;Autovettura privata;In marcia / fermata / arresto;Passeggero;F;Illeso;0;;Non accertato;Inesploso
3002274;13;09/10/2016 08:15;Strada Urbana;VIA DI CASTEL FUSANO;all'intersezione con;VIA OSTIENSE;VIA OSTIENSE;;;Scontro laterale fra veicoli in marcia;Intersezione semaforizzata;Una carreggiata a doppio senso;Asciutto;Con buche;Verticale ed orizzontale;Sereno;Normale;Buona;Sufficiente;0;0;0;3;12,31188;41,74604;-1;1;Autovettura privata;In marcia / fermata / arresto;Conducente;M;Illeso;0;;Non accertato;Inesploso
3002274;13;09/10/2016 08:15;Strada Urbana;VIA DI CASTEL FUSANO;all'intersezione con;VIA OSTIENSE;VIA OSTIENSE;;;Scontro laterale fra veicoli in marcia;Intersezione semaforizzata;Una carreggiata a doppio senso;Asciutto;Con buche;Verticale ed orizzontale;Sereno;Normale;Buona;Sufficiente;0;0;0;3;12,31188;41,74604;-1;2;Autovettura privata;In marcia / fermata / arresto;Conducente;F;Illeso;0;;Non accertato;Inesploso
3002274;13;09/10/2016 08:15;Strada Urbana;VIA DI CASTEL FUSANO;all'intersezione con;VIA OSTIENSE;VIA OSTIENSE;;;Scontro laterale fra veicoli in marcia;Intersezione semaforizzata;Una carreggiata a doppio senso;Asciutto;Con buche;Verticale ed orizzontale;Sereno;Normale;Buona;Sufficiente;0;0;0;3;12,31188;41,74604;-1;2;Autovettura privata;In marcia / fermata / arresto;Passeggero;M;Illeso;0;;Non accertato;Inesploso
3002277;11;09/10/2016 08:00;Strada Urbana;VIA CRISTOFORO COLOMBO;da specificare;;;;alt. via Padre Semeria;Scontro frontale fra veicoli in marcia;Rettilineo;Due carreggiate;Bagnato (umidità in atto);Asfaltata;Verticale ed orizzontale;Sereno;Normale;Buona;Ore Diurne;0;0;0;2;12,49697;41,86366;-1;1;Autovettura privata;In marcia / fermata / arresto;Conducente;F;Illeso;0;;Non accertato;Inesploso
3002277;11;09/10/2016 08:00;Strada Urbana;VIA CRISTOFORO COLOMBO;da specificare;;;;alt. via Padre Semeria;Scontro frontale fra veicoli in marcia;Rettilineo;Due carreggiate;Bagnato (umidità in atto);Asfaltata;Verticale ed orizzontale;Sereno;Normale;Buona;Ore Diurne;0;0;0;2;12,49697;41,86366;-1;1;Autovettura privata;In marcia / fermata / arresto;Passeggero;M;Illeso;0;;Non accertato;Inesploso
3002279;8;09/10/2016 11:50;Statale entro l'abitato;VIA CASILINA;all'intersezione con;VIA DEI RUDERI DI TORRENOVA;VIA DEI RUDERI DI TORRENOVA;;;Scontro laterale fra veicoli in marcia;Intersezione semaforizzata;Una carreggiata a doppio senso;Asciutto;Asfaltata;Verticale ed orizzontale;Sereno;Normale;Buona;Ore Diurne;1;0;0;1;12,60933;41,86405;-1;1;Motociclo a solo;In marcia / fermata / arresto;Conducente;M;Rifiuta cure immediate;0;NON DECEDUTO;Non accertato;
3002279;8;09/10/2016 11:50;Statale entro l'abitato;VIA CASILINA;all'intersezione con;VIA DEI RUDERI DI TORRENOVA;VIA DEI RUDERI DI TORRENOVA;;;Scontro laterale fra veicoli in marcia;Intersezione semaforizzata;Una carreggiata a doppio senso;Asciutto;Asfaltata;Verticale ed orizzontale;Sereno;Normale;Buona;Ore Diurne;1;0;0;1;12,60933;41,86405;-1;2;Autovettura privata;In marcia / fermata / arresto;Conducente;M;Illeso;0;;Non accertato;Inesistente
3002282;8;08/10/2016 09:00;Strada Urbana;VIA MASSA DI SAN GIULIANO;all'intersezione con;VIA PALMOLI;VIA PALMOLI;;;Scontro frontale/laterale SX fra veicoli in marcia;Incrocio;Una carreggiata a doppio senso;Asciutto;Asfaltata;Verticale ed orizzontale;Sereno;Normale;Buona;Ore Diurne;0;0;0;2;12,69189;41,90603;-1;1;Autovettura privata;In marcia / fermata / arresto;Conducente;F;Illeso;0;;Non accertato;Inesploso
3002282;8;08/10/2016 09:00;Strada Urbana;VIA MASSA DI SAN GIULIANO;all'intersezione con;VIA PALMOLI;VIA PALMOLI;;;Scontro frontale/laterale SX fra veicoli in marcia;Incrocio;Una carreggiata a doppio senso;Asciutto;Asfaltata;Verticale ed orizzontale;Sereno;Normale;Buona;Ore Diurne;0;0;0;2;12,69189;41,90603;-1;2;Autovettura privata;In marcia / fermata / arresto;Conducente;M;Illeso;0;;Non accertato;Inesploso
3002288;8;08/10/2016 16:30;Strada Urbana;VIA CASILINA;in prossimità;;del civico n.;1042;;Tamponamento Multiplo;Rettilineo;Una carreggiata a doppio senso;Bagnato (umidità in atto);Asfaltata;Orizzontale;Nuvoloso;Intenso;Buona;Ore Diurne;0;0;0;4;12,58871;41,86775;-1;1;Autovettura privata;In marcia / fermata / arresto;Conducente;M;Illeso;0;;Non accertato;Inesploso
3002288;8;08/10/2016 16:30;Strada Urbana;VIA CASILINA;in prossimità;;del civico n.;1042;;Tamponamento Multiplo;Rettilineo;Una carreggiata a doppio senso;Bagnato (umidità in atto);Asfaltata;Orizzontale;Nuvoloso;Intenso;Buona;Ore Diurne;0;0;0;4;12,58871;41,86775;-1;2;Autovettura privata;In marcia / fermata / arresto;Conducente;M;Illeso;0;;Non accertato;Inesploso
3002288;8;08/10/2016 16:30;Strada Urbana;VIA CASILINA;in prossimità;;del civico n.;1042;;Tamponamento Multiplo;Rettilineo;Una carreggiata a doppio senso;Bagnato (umidità in atto);Asfaltata;Orizzontale;Nuvoloso;Intenso;Buona;Ore Diurne;0;0;0;4;12,58871;41,86775;-1;2;Autovettura privata;In marcia / fermata / arresto;Passeggero;F;Illeso;0;;Non accertato;Inesploso
3002288;8;08/10/2016 16:30;Strada Urbana;VIA CASILINA;in prossimità;;del civico n.;1042;;Tamponamento Multiplo;Rettilineo;Una carreggiata a doppio senso;Bagnato (umidità in atto);Asfaltata;Orizzontale;Nuvoloso;Intenso;Buona;Ore Diurne;0;0;0;4;12,58871;41,86775;-1;3;Autovettura privata;In marcia / fermata / arresto;Conducente;M;Illeso;0;;Non accertato;Inesploso
3002291;8;08/10/2016 12:00;Strada Urbana;VIA DI TORRENOVA;in prossimità;;del civico n.;33/A;;Scontro frontale/laterale SX fra veicoli in marcia;Rettilineo;Una carreggiata a doppio senso;Asciutto;Asfaltata;Verticale ed orizzontale;Sereno;Normale;Buona;Ore Diurne;2;0;0;1;12,49637;41,90278;-1;1;Autovettura privata;In marcia / fermata / arresto;Conducente;M;Rimandato;0;NON DECEDUTO;Non accertato;Inesploso